rank;title;year;country;episodes;watchers;favorites;episodes;genres;synopsis;url
1;ClaireBell;2025;Thai Drama ; 8 episodes;;;;;;https://mydramalist.com/777596-clairebell
2;Alice in Borderland;2020;Japanese Drama ; 8 episodes;;;;;;https://mydramalist.com/39537-imawa-no-kuni-no-arisu
3;Me and Thee;2025;Thai Drama ; 10 episodes;;;;;;https://mydramalist.com/780120-me-and-thee
4;School Trip: Joined a Group I’m Not Close To;2025;Japanese Drama ; 10 episodes;;;;;;https://mydramalist.com/798660-shugakuryoko-de-nakayokunai-group-ni-hairimashita
5;Jack & Joker: U Steal My Heart! (Uncut Ver.);2024;Thai Drama ; 12 episodes;;;;;;https://mydramalist.com/777409-jack-joker-u-steal-my-heart-uncut-ver
6;Khemjira;2025;Thai Drama ; 12 episodes;;;;;;https://mydramalist.com/751339-kemjira-will-survive
7;Jack & Joker: U Steal My Heart!;2024;Thai Drama ; 12 episodes;;;;;;https://mydramalist.com/760289-jack-and-joker
8;High School Frenemy;2024;Thai Drama ; 16 episodes;;;;;;https://mydramalist.com/758597-high-school-frenemy
9;Goddess Bless You from Death;2025;Thai Drama ; 13 episodes;;;;;;https://mydramalist.com/768503-goddess-bless-you-from-death
10;Reset;2025;Thai Drama ; 10 episodes;;;;;;https://mydramalist.com/781658-reset
11;My Magic Prophecy;2025;Thai Drama ; 10 episodes;;;;;;https://mydramalist.com/780116-my-magic-prophecy
12;Perfect 10 Liners;2024;Thai Drama ; 24 episodes;;;;;;https://mydramalist.com/768431-perfect10-liners
13;Love in the Moonlight;2025;Thai Drama ; 12 episodes;;;;;;https://mydramalist.com/778234-salak-rak-nai-saengjan
14;Top Form;2025;Thai Drama ; 11 episodes;;;;;;https://mydramalist.com/780990-top-form
15;Last Twilight: Uncut Version;2023;Thai Drama ; 12 episodes;;;;;;https://mydramalist.com/789728-last-twilight-uncut-version
16;"MuTeLuv: ""Hi” by My Luck";2025;Thai Drama ; 4 episodes;;;;;;https://mydramalist.com/780134-mu-te-luv-fortune-says-hi
17;Burnout Syndrome;2025;Thai Drama ; 10 episodes;;;;;;https://mydramalist.com/780094-burnout-syndrome
18;Head 2 Head;2025;Thai Drama ; 12 episodes;;;;;;https://mydramalist.com/780092-head-2-head
19;Love Design;2025;Thai Drama ; 8 episodes;;;;;;https://mydramalist.com/788098-real-estate-agency
20;Pluto;2024;Thai Drama ; 12 episodes;;;;;;https://mydramalist.com/758583-pluto
21;Not Me;2021;Thai Drama ; 14 episodes;;;;;;https://mydramalist.com/682595-not-me
22;Queendom;2025;Thai Drama ; 12 episodes;;;;;;https://mydramalist.com/781276-queendom
23;Gelboys;2025;Thai Drama ; 7 episodes;;;;;;https://mydramalist.com/779140-gel-boys
24;She Loves to Cook, and She Loves to Eat Season 2;2024;Japanese Drama ; 20 episodes;;;;;;https://mydramalist.com/753989-tsukuritai-onna-to-tabetai-onna-season-2
25;Our Youth;2024;Japanese Drama ; 10 episodes;;;;;;https://mydramalist.com/778036-miseinen-mijukuna-oretachi-wa-bukiyo-ni-shinkochu
26;A Tale of Thousand Stars;2021;Thai Drama ; 10 episodes;;;;;;https://mydramalist.com/49745-a-tale-of-a-thousand-stars
27;The Heart Killers: Uncut;2024;Thai Drama ; 12 episodes;;;;;;https://mydramalist.com/781268-the-heart-killers-uncut
28;ThamePo Heart That Skips a Beat;2024;Thai Drama ; 13 episodes;;;;;;https://mydramalist.com/768435-thame-po-heart-that-skips-a-beat
29;KinnPorsche Side Story;2022;Thai Special ; 1 episodes;;;;;;https://mydramalist.com/729255-kinnporsche-side-story
30;Last Twilight;2023;Thai Drama ; 12 episodes;;;;;;https://mydramalist.com/743923-last-twilight
31;To the Moon and Back;2023;Thai Drama ; 21 episodes;;;;;;https://mydramalist.com/709801-matalada
32;I Feel You Linger in the Air: Uncut Version;2023;Thai Drama ; 12 episodes;;;;;;https://mydramalist.com/756633-i-feel-you-linger-in-the-air-uncut-version
33;The Boyfriend;2024;Japanese TV Show ; 10 episodes;;;;;;https://mydramalist.com/771359-the-boyfriend
34;Century of Love;2024;Thai Drama ; 10 episodes;;;;;;https://mydramalist.com/769277-century-of-love
35;The Secret of Us;2024;Thai Drama ; 8 episodes;;;;;;https://mydramalist.com/757405-jai-son-rak
36;My Stand-In;2024;Thai Drama ; 12 episodes;;;;;;https://mydramalist.com/759431-my-stand-in
37;Fourever You (Uncut Ver.);2024;Thai Drama ; 17 episodes;;;;;;https://mydramalist.com/777790-fourever-you-uncut-ver
38;Us;2025;Thai Drama ; 12 episodes;;;;;;https://mydramalist.com/738599-us
39;Only Boo!;2024;Thai Drama ; 12 episodes;;;;;;https://mydramalist.com/758581-only-boo
40;Special Episode JohanNorth;2025;Thai Drama ; 2 episodes;;;;;;https://mydramalist.com/792220-special-episode-johannorth
41;My School President;2022;Thai Drama ; 12 episodes;;;;;;https://mydramalist.com/715931-my-school-president
42;The Loyal Pin;2024;Thai Drama ; 16 episodes;;;;;;https://mydramalist.com/756591-pin-phak
43;Shine (Orchestric Ver.);2025;Thai Drama ; 8 episodes;;;;;;https://mydramalist.com/764087-shine
44;She Loves to Cook, and She Loves to Eat;2022;Japanese Drama ; 10 episodes;;;;;;https://mydramalist.com/741495-tsukuritai-onna-to-tabetai-onna
45;Daughters;2020;Thai Drama ; 24 episodes;;;;;;https://mydramalist.com/71555-siadai-2020
46;Love Design (Uncut Ver.);2025;Thai Drama ; 8 episodes;;;;;;https://mydramalist.com/800070-love-design-uncut-ver
47;Our Skyy 2: A Tale of Thousand Stars;2023;Thai Special ; 1 episodes;;;;;;https://mydramalist.com/753313-our-skyy-2-a-tale-of-thousand-stars
48;Fourever You;2024;Thai Drama ; 17 episodes;;;;;;https://mydramalist.com/753493-fourever-you-project
49;Last Twilight in Phuket;2021;Thai Special ; 1 episodes;;;;;;https://mydramalist.com/701279-last-twilight-in-phuket
50;Shine (Acoustic Ver.);2025;Thai Drama ; 8 episodes;;;;;;https://mydramalist.com/797210-shine-acoustic-ver
51;Bad Buddy;2021;Thai Drama ; 12 episodes;;;;;;https://mydramalist.com/682589-bad-buddy
52;My Cherie Amour;2024;Thai Drama ; 19 episodes;;;;;;https://mydramalist.com/758727-nueng-nai-roi
53;Love's in Sight!;2021;Japanese Drama ; 10 episodes;;;;;;https://mydramalist.com/705939-koidesu-yanki-kun-to-shiro-tsue-garu
54;P.S. I Hate You;2022;Thai Drama ; 18 episodes;;;;;;https://mydramalist.com/715909-p-s-i-hate-you
55;Me and Who;2025;Thai Drama ; 10 episodes;;;;;;https://mydramalist.com/758001-me-and-who
56;Poisonous Love;2025;Thai Drama ; 10 episodes;;;;;;https://mydramalist.com/777043-poisonous-love
57;Smells Like Green Spirit;2024;Japanese Drama ; 8 episodes;;;;;;https://mydramalist.com/776231-smells-like-green-spirit
58;I Feel You Linger in the Air;2023;Thai Drama ; 12 episodes;;;;;;https://mydramalist.com/711999-i-feel-you-linger-in-the-air
59;Midnight Diner;2009;Japanese Drama ; 10 episodes;;;;;;https://mydramalist.com/679-shinya-shokudo
60;Our Youth: After Story;2025;Japanese Special ; 2 episodes;;;;;;https://mydramalist.com/784474-miseinen-mijukuna-oretachi-wa-bukiyo-ni-shinkochu-after-story
61;Triage;2022;Thai Drama ; 13 episodes;;;;;;https://mydramalist.com/725347-triage
62;My Love Mix-Up!;2021;Japanese Drama ; 10 episodes;;;;;;https://mydramalist.com/708381-kieta-hatsukoi
63;Our Dining Table;2023;Japanese Drama ; 10 episodes;;;;;;https://mydramalist.com/715357-bokura-no-shokutaku
64;Memoir of Rati;2025;Thai Drama ; 12 episodes;;;;;;https://mydramalist.com/780124-memoir-of-rati
65;Ohsama Sentai King-Ohger;2023;Japanese Drama ; 50 episodes;;;;;;https://mydramalist.com/745601-osama-sentai-king-oger
66;Your Sky: Uncut;2024;Thai Drama ; 12 episodes;;;;;;https://mydramalist.com/783664-your-sky-uncut
67;Midnight Diner Season 2;2011;Japanese Drama ; 10 episodes;;;;;;https://mydramalist.com/3039-shinya-shokudo-2
68;Boys in Love;2025;Thai Drama ; 12 episodes;;;;;;https://mydramalist.com/780114-boys-in-love
69;Legal High 2;2013;Japanese Drama ; 10 episodes;;;;;;https://mydramalist.com/7930-legal-high-2
70;Hold My Hand at Twilight;2023;Japanese Drama ; 10 episodes;;;;;;https://mydramalist.com/744227-yugure-ni-te-wo-tsunagu
71;Love in the Air: Special Episode;2022;Thai Special ; 1 episodes;;;;;;https://mydramalist.com/741325-love-in-the-air-special-episode
72;The Boy Next World Special Episode: A World Where We Don’t Know Each Other;2025;Thai Special ; 1 episodes;;;;;;https://mydramalist.com/787868-the-boy-next-world-special-episode-a-world-where-we-don-t-know-each-other
73;Your Sky;2024;Thai Drama ; 12 episodes;;;;;;https://mydramalist.com/716599-your-sky
74;To Sir, with Love;2022;Thai Drama ; 17 episodes;;;;;;https://mydramalist.com/712993-khun-chaai
75;That Summer;2025;Thai Drama ; 10 episodes;;;;;;https://mydramalist.com/780102-that-summer
76;The Eclipse;2022;Thai Drama ; 12 episodes;;;;;;https://mydramalist.com/715893-the-eclipse
77;The Warp Effect;2022;Thai Drama ; 12 episodes;;;;;;https://mydramalist.com/715923-the-warp-effect
78;Somewhere Somehow;2025;Thai Drama ; 13 episodes;;;;;;https://mydramalist.com/779132-somewhere-somehow
79;Manner of Death;2020;Thai Drama ; 14 episodes;;;;;;https://mydramalist.com/58899-manner-of-death
80;Blank Season 2;2024;Thai Drama ; 6 episodes;;;;;;https://mydramalist.com/767659-blank-season-2
81;Moonlight Chicken;2023;Thai Drama ; 8 episodes;;;;;;https://mydramalist.com/715901-moonlight-chicken
82;Harmony Secret;2025;Thai Drama ; 8 episodes;;;;;;https://mydramalist.com/786904-harmony-secret
83;Hana-Kimi;2007;Japanese Drama ; 12 episodes;;;;;;https://mydramalist.com/2985-hanazakari-no-kimitachi-e
84;Every You, Every me (Director's Cut.);2024;Thai Drama ; 8 episodes;;;;;;https://mydramalist.com/777792-every-you-every-me-uncut-ver
85;Affair;2024;Thai Drama ; 8 episodes;;;;;;https://mydramalist.com/768499-affair
86;Spare Me Your Mercy;2024;Thai Drama ; 8 episodes;;;;;;https://mydramalist.com/744645-spare-me-your-mercy
87;Ossan's Love Returns;2024;Japanese Drama ; 9 episodes;;;;;;https://mydramalist.com/758139-ossan-s-love-returns
88;My Stand-In: Uncut;2024;Thai Drama ; 12 episodes;;;;;;https://mydramalist.com/768763-my-stand-in-uncut
89;Midnight Diner: Tokyo Stories;2016;Japanese Drama ; 10 episodes;;;;;;https://mydramalist.com/20320-shinya-shokudo-tokyo-stories
90;Jack & Joker: U Steal My Heart! Special Episode;2025;Thai Special ; 1 episodes;;;;;;https://mydramalist.com/782678-jack-joker-u-steal-my-heart-special-episode
91;Love Mechanics: Director's Cut;2022;Thai Drama ; 3 episodes;;;;;;https://mydramalist.com/733967-love-mechanics-director-s-cut
92;The Loyal Pin: Uncut;2024;Thai Drama ; 16 episodes;;;;;;https://mydramalist.com/777193-the-loyal-pin-uncut
93;Where Have My Skirts Gone?;2019;Japanese Drama ; 10 episodes;;;;;;https://mydramalist.com/33669-ore-no-sukato-doko-itta
94;Petrichor;2024;Thai Drama ; 10 episodes;;;;;;https://mydramalist.com/763563-petrichor
95;Old Fashion Cupcake Epilogue: Apple Pie;2022;Japanese Special ; 1 episodes;;;;;;https://mydramalist.com/746431-old-fashion-cupcake-epilogue-apple-pie
96;4Minutes;2024;Thai Drama ; 8 episodes;;;;;;https://mydramalist.com/746981-4-minutes
97;Dare You to Death;2025;Thai Drama ; 10 episodes;;;;;;https://mydramalist.com/780090-dare-you-to-death
98;This Love Doesn't Have Long Beans;2024;Thai Drama ; 8 episodes;;;;;;https://mydramalist.com/765955-this-love-doesn-t-have-long-beans
99;Midnight Diner: Tokyo Stories Season 2;2019;Japanese Drama ; 10 episodes;;;;;;https://mydramalist.com/40287-shinya-shokudo-tokyo-stories-season-2
100;Our Skyy 2: Bad Buddy x A Tale of Thousand Stars;2023;Thai Special ; 2 episodes;;;;;;https://mydramalist.com/751165-our-skyy-2-a-tale-of-thousand-stars
101;Midnight Museum;2023;Thai Drama ; 10 episodes;;;;;;https://mydramalist.com/743937-midnight-museum
102;The Next Prince: Uncut;2025;Thai Drama ; 14 episodes;;;;;;https://mydramalist.com/789732-the-next-prince-uncut
103;Queendom (Uncut Ver.);2025;Thai Drama ; 12 episodes;;;;;;https://mydramalist.com/797766-queendom-uncut-ver
104;Valentine's Day / Rokkaku;2020;Japanese Special ; 1 episodes;;;;;;https://mydramalist.com/683087-valentine-hexagon
105;Our Skyy 2: Vice Versa;2023;Thai Special ; 2 episodes;;;;;;https://mydramalist.com/751155-our-skyy-2-vice-versa
106;We Are;2024;Thai Drama ; 16 episodes;;;;;;https://mydramalist.com/714269-we-are
107;Legal High;2012;Japanese Drama ; 11 episodes;;;;;;https://mydramalist.com/3661-legal-high
108;When It Rains, It Pours;2025;Japanese Drama ; 7 episodes;;;;;;https://mydramalist.com/780062-futtara-doshaburi
109;Until We Meet Again;2019;Thai Drama ; 17 episodes;;;;;;https://mydramalist.com/33506-until-we-meet-again-the-series
110;Punks Triangle;2025;Japanese Drama ; 8 episodes;;;;;;https://mydramalist.com/795304-punks-triangle
111;He's Coming to Me;2019;Thai Drama ; 8 episodes;;;;;;https://mydramalist.com/31880-he-s-coming-to-me
112;TharnType Special: Our Final Love;2020;Thai Special ; 1 episodes;;;;;;https://mydramalist.com/54385-tharntype-special
113;The Full-Time Wife Escapist;2016;Japanese Drama ; 11 episodes;;;;;;https://mydramalist.com/19702-nigeru-wa-haji-da-ga-yaku-ni-tatsu
114;Cinderella Closet;2025;Japanese Drama ; 12 episodes;;;;;;https://mydramalist.com/795216-cinderella-closet
115;Nigeru wa Haji da ga Yaku ni Tatsu: Ganbare Jinrui! Shinshun Special!!;2021;Japanese Special ; 1 episodes;;;;;;https://mydramalist.com/72861-nigeru-wa-haji-da-ga-yaku-ni-tatsu-sp
116;A Restaurant with Many Problems;2015;Japanese Drama ; 10 episodes;;;;;;https://mydramalist.com/12466-mondai-no-aru-restaurant
117;Ossan no Pants ga Nandatte Ii Janai ka!;2024;Japanese Drama ; 11 episodes;;;;;;https://mydramalist.com/759439-ossan-no-pants-ga-nandatte-ii-janai-ka
118;I Told Sunset about You;2020;Thai Drama ; 5 episodes;;;;;;https://mydramalist.com/55651-bkpp
119;17.3 About a Sex;2020;Japanese Drama ; 9 episodes;;;;;;https://mydramalist.com/69669-17-3-about-a-sex
120;Love in Translation: Uncut;2023;Thai Drama ; 8 episodes;;;;;;https://mydramalist.com/761325-love-in-translation-uncut
121;The Wicked Game;2025;Thai Drama ; 10 episodes;;;;;;https://mydramalist.com/778230-the-wicked-game
122;The Aromantics;2022;Japanese Drama ; 8 episodes;;;;;;https://mydramalist.com/713777-koi-senu-futari
123;Cherry Magic! Thirty Years of Virginity Can Make You a Wizard?!;2020;Japanese Drama ; 12 episodes;;;;;;https://mydramalist.com/69463-30sai-made-doteida-to-mahotsukai-ni-narerurashi
124;What Did You Eat Yesterday? Season 2;2023;Japanese Drama ; 12 episodes;;;;;;https://mydramalist.com/752579-kinou-nani-tabeta-season-2
125;Eternal Yesterday;2022;Japanese Drama ; 8 episodes;;;;;;https://mydramalist.com/737611-eien-no-kino
126;Dragon Zakura Season 2;2021;Japanese Drama ; 10 episodes;;;;;;https://mydramalist.com/58089-dragon-zakura-2
127;Ikebukuro West Gate Park;2000;Japanese Drama ; 11 episodes;;;;;;https://mydramalist.com/1502-ikebukuro-west-gate-park
128;Whale Store xoxo;2025;Thai Drama ; 10 episodes;;;;;;https://mydramalist.com/780098-whale-store-xoxo
129;Roller Coaster;2025;Thai Drama ; 8 episodes;;;;;;https://mydramalist.com/782588-roller-coaster
130;Girl from Nowhere Season 2;2021;Thai Drama ; 8 episodes;;;;;;https://mydramalist.com/67107-girl-from-nowhere-season-2
131;Love Design Special Episode;2025;Thai Drama ; 2 episodes;;;;;;https://mydramalist.com/801420-love-design-special-episode
132;Pretty Proofreader;2016;Japanese Drama ; 10 episodes;;;;;;https://mydramalist.com/19882-jimi-ni-sugoi-koetsu-garu-kono-etsuko
133;Love Mechanics;2022;Thai Drama ; 10 episodes;;;;;;https://mydramalist.com/75821-love-mechanics
134;Jitenshaya-san no Takahashi-kun;2022;Japanese Drama ; 8 episodes;;;;;;https://mydramalist.com/735439-jitenshaya-san-no-takahashi-kun
135;I Hear the Sunspot;2024;Japanese Drama ; 12 episodes;;;;;;https://mydramalist.com/770941-hidamari-ga-kikoeru
136;Love in the Air;2022;Thai Drama ; 13 episodes;;;;;;https://mydramalist.com/56933-love-storm
137;The Heart Killers;2024;Thai Drama ; 12 episodes;;;;;;https://mydramalist.com/768427-the-heart-killers
138;The Sign: Uncut;2023;Thai Drama ; 12 episodes;;;;;;https://mydramalist.com/775947-the-sign-uncut
139;Between Us Special;2021;Thai Drama ; 6 episodes;;;;;;https://mydramalist.com/715049-between-us-special
140;LoveSick 2024;2024;Thai Drama ; 15 episodes;;;;;;https://mydramalist.com/756631-love-sick
141;I Promised You the Moon;2021;Thai Drama ; 5 episodes;;;;;;https://mydramalist.com/681019-i-told-sunset-about-you-part-2
142;Ototo no Otto;2018;Japanese Drama ; 3 episodes;;;;;;https://mydramalist.com/26489-my-brother-s-husband
143;Boys' Journey;2023;Thai TV Show ; 16 episodes;;;;;;https://mydramalist.com/751243-boys-journey
144;The Sign;2023;Thai Drama ; 12 episodes;;;;;;https://mydramalist.com/749823-the-sign
145;Midnight Diner Season 3;2014;Japanese Drama ; 10 episodes;;;;;;https://mydramalist.com/11105-shinya-shokudo-3
146;Pit Babe: Uncut;2023;Thai Drama ; 13 episodes;;;;;;https://mydramalist.com/763317-pit-babe-uncut
147;Our Skyy 2: The Eclipse;2023;Thai Drama ; 2 episodes;;;;;;https://mydramalist.com/751157-our-skyy-2-the-eclipse
148;Life: Love on the Line;2020;Japanese Drama ; 4 episodes;;;;;;https://mydramalist.com/58273-life-senjou-no-bokura
149;Love Shuffle;2009;Japanese Drama ; 10 episodes;;;;;;https://mydramalist.com/115-love-shuffle
150;Love Begins in the World of If;2025;Japanese Drama ; 6 episodes;;;;;;https://mydramalist.com/801576-if-no-sekai-de-koi-ga-hajimaru
151;Cherry Magic;2023;Thai Drama ; 12 episodes;;;;;;https://mydramalist.com/743929-cherry-magic-thailand
152;Therapy Game;2025;Japanese Drama ; 9 episodes;;;;;;https://mydramalist.com/798966-therapy-game
153;My Stubborn Special Episode;2025;Thai Drama ; 2 episodes;;;;;;https://mydramalist.com/799384-my-stubborn-special-episode
154;Our Skyy 2: Bad Buddy;2023;Thai Special ; 1 episodes;;;;;;https://mydramalist.com/751163-our-skyy-2-bad-buddy
155;MuTeLuv;2025;Thai Drama ; 28 episodes;;;;;;https://mydramalist.com/780130-mu-te-luv
156;Chosen Home;2025;Japanese Drama ; 10 episodes;;;;;;https://mydramalist.com/798778-bokutachinchi
157;My Only 12%;2022;Thai Drama ; 14 episodes;;;;;;https://mydramalist.com/714201-my-only-12
158;4Minutes (Sultrier Version);2024;Thai Drama ; 8 episodes;;;;;;https://mydramalist.com/774057-4minutes-sultrier-version
159;The Journey to Killing You;2025;Japanese Drama ; 6 episodes;;;;;;https://mydramalist.com/798860-anata-wo-korosu-tabi
160;Project S: SPIKE;2017;Thai Drama ; 8 episodes;;;;;;https://mydramalist.com/23888-project-s-the-series-spike
161;The Love Proposal;2022;Thai Drama ; 15 episodes;;;;;;https://mydramalist.com/687145-wayla-gam-tay
162;Never Let Me Go;2022;Thai Drama ; 12 episodes;;;;;;https://mydramalist.com/715897-never-let-me-go
163;KinnPorsche;2022;Thai Drama ; 14 episodes;;;;;;https://mydramalist.com/69667-kinnporsche
164;Wandee Goodday;2024;Thai Drama ; 12 episodes;;;;;;https://mydramalist.com/758595-wandee-goodday
165;Only Friends;2023;Thai Drama ; 12 episodes;;;;;;https://mydramalist.com/743919-only-friends
166;What Did You Eat Yesterday?;2019;Japanese Drama ; 12 episodes;;;;;;https://mydramalist.com/33088-what-did-you-eat-yesterday
167;Golden Kamuy: The Hunt of Prisoners in Hokkaido;2024;Japanese Drama ; 9 episodes;;;;;;https://mydramalist.com/765659-golden-kamuy
168;The Boy Next World: Uncut;2025;Thai Drama ; 10 episodes;;;;;;https://mydramalist.com/783412-the-boy-next-world-uncut
169;Eien No Kinou: Complete Edition;2023;Japanese Drama ; 8 episodes;;;;;;https://mydramalist.com/749989-eien-no-kinou-complete-edition
170;Knock Out;2025;Thai Drama ; 12 episodes;;;;;;https://mydramalist.com/778254-knock-out
171;Saving My Stupid Youth;2014;Japanese Drama ; 10 episodes;;;;;;https://mydramalist.com/10860-gomenne-seishun
172;"Theory of Love: Special Episode ""Stand By Me""";2020;Thai Special ; 1 episodes;;;;;;https://mydramalist.com/78171-theory-of-love-special-episode-stand-by-me
173;Your Divorce Is Served!;2025;Japanese Drama ; 10 episodes;;;;;;https://mydramalist.com/799948-oishii-rikon-todokemasu
174;Petrichor: Uncut;2024;Thai Drama ; 10 episodes;;;;;;https://mydramalist.com/781266-petrichor-uncut
175;Vice Versa;2022;Thai Drama ; 12 episodes;;;;;;https://mydramalist.com/715907-vice-versa
176;My Beautiful Man Season 2;2023;Japanese Drama ; 4 episodes;;;;;;https://mydramalist.com/746911-utsukushii-kare-season-2
177;Be My Favorite;2023;Thai Drama ; 12 episodes;;;;;;https://mydramalist.com/715929-you-are-my-favorite
178;Kimi to Nara Koi wo Shite Mite mo;2023;Japanese Drama ; 5 episodes;;;;;;https://mydramalist.com/756019-kimi-to-nara-koi-wo-shite-mite-mo
179;10 Things I Want to Do before I Turn 40;2025;Japanese Drama ; 12 episodes;;;;;;https://mydramalist.com/793220-40-made-ni-shitai-10-no-koto
180;Kamen Rider Gaim;2013;Japanese Drama ; 47 episodes;;;;;;https://mydramalist.com/7868-kamen-rider-gaim
181;TharnType Season 2 Special: The Wedding Day;2021;Thai Special ; 1 episodes;;;;;;https://mydramalist.com/79745-tharntype-2-special-2
182;Good Old Days;2022;Thai Drama ; 12 episodes;;;;;;https://mydramalist.com/715925-good-old-days
183;Us: Uncut Version;2025;Thai Drama ; 12 episodes;;;;;;https://mydramalist.com/789730-us-uncut-version
184;The Sign Special Episode Encore;2024;Thai Special ; 1 episodes;;;;;;https://mydramalist.com/770443-the-sign-special-episode-encore
185;Lovely Writer;2021;Thai Drama ; 12 episodes;;;;;;https://mydramalist.com/61275-lovely-writer
186;Old Fashion Cupcake;2022;Japanese Drama ; 5 episodes;;;;;;https://mydramalist.com/729151-old-fashion-cupcake
187;Break Up Service;2025;Thai Drama ; 12 episodes;;;;;;https://mydramalist.com/768437-break-up-service
188;55:15 Never Too Late;2021;Thai Drama ; 16 episodes;;;;;;https://mydramalist.com/682583-never-too-late
189;Animals;2022;Japanese Drama ; 8 episodes;;;;;;https://mydramalist.com/730085-animals
190;Meet Me after School;2018;Japanese Drama ; 11 episodes;;;;;;https://mydramalist.com/29908-chugakusei-nikki
191;Love Sea Special Episode;2024;Thai Special ; 1 episodes;;;;;;https://mydramalist.com/775817-love-sea-special-episode
192;Kinou Nani Tabeta? SP;2020;Japanese Special ; 1 episodes;;;;;;https://mydramalist.com/52695-what-did-you-eat-yesterday-sp
193;Tumbling;2010;Japanese Drama ; 11 episodes;;;;;;https://mydramalist.com/52-tumbling
194;Rearrange;2025;Thai Drama ; 10 episodes;;;;;;https://mydramalist.com/779156-rearrange
195;Kisarazu Cat's Eye;2002;Japanese Drama ; 9 episodes;;;;;;https://mydramalist.com/650-kisarazu-cats-eye
196;Ayaka is in Love with Hiroko!;2024;Japanese Drama ; 8 episodes;;;;;;https://mydramalist.com/771479-ayaka-chan-wa-hiroko-senpai-ni-koishiteru
197;Last Friends;2008;Japanese Drama ; 11 episodes;;;;;;https://mydramalist.com/1295-last-friends
198;The Ex-Morning;2025;Thai Drama ; 10 episodes;;;;;;https://mydramalist.com/768443-the-ex-morning
199;I Will Be Your Bloom;2022;Japanese Drama ; 10 episodes;;;;;;https://mydramalist.com/727281-kimi-no-hana-ni-naru
200;SOTUS;2016;Thai Drama ; 15 episodes;;;;;;https://mydramalist.com/16667-sotus-the-series
201;Denied Love (Uncut Ver.);2025;Thai Drama ; 10 episodes;;;;;;https://mydramalist.com/792828-denied-love-uncut-ver
202;Depth of Field;2025;Japanese Drama ; 6 episodes;;;;;;https://mydramalist.com/793074-hishakai-shindo
203;Monster Next Door;2024;Thai Drama ; 12 episodes;;;;;;https://mydramalist.com/757999-monster-next-door
204;Double;2022;Japanese Drama ; 10 episodes;;;;;;https://mydramalist.com/722545-double
205;Knock Out Special Episode;2025;Thai Special ; 1 episodes;;;;;;https://mydramalist.com/796236-knock-out-special-episode
206;Our Dining Table Spin Off;2023;Japanese Special ; 1 episodes;;;;;;https://mydramalist.com/753701-bokura-no-shokutaku-spin-off
207;Laws of Attraction;2023;Thai Drama ; 8 episodes;;;;;;https://mydramalist.com/749639-laws-of-attraction
208;46 Days;2021;Thai Drama ; 18 episodes;;;;;;https://mydramalist.com/65801-46-wan
209;Interminable;2025;Thai Drama ; 11 episodes;;;;;;https://mydramalist.com/779144-interminable
210;Affair: Uncensored;2024;Thai Drama ; 8 episodes;;;;;;https://mydramalist.com/778742-affair-uncensored
211;Happy of the End;2024;Japanese Drama ; 8 episodes;;;;;;https://mydramalist.com/775551-happy-of-the-end
212;Kamisama no Ekohiiki;2022;Japanese Drama ; 8 episodes;;;;;;https://mydramalist.com/694265-kamisama-no-ekohiiki
213;Every You, Every Me;2024;Thai Drama ; 8 episodes;;;;;;https://mydramalist.com/753487-every-you-every-me
214;Love Sea;2024;Thai Drama ; 10 episodes;;;;;;https://mydramalist.com/758185-love-sea
215;Our Skyy: Arthit-Kongpob;2018;Thai Special ; 1 episodes;;;;;;https://mydramalist.com/770009-our-skyy-kongpob-arthit
216;Between Us;2022;Thai Drama ; 12 episodes;;;;;;https://mydramalist.com/60637-hemp-rope
217;Charging Gel;2025;Thai Special ; 8 episodes;;;;;;https://mydramalist.com/786520-charging-gel
218;Still 2gether;2020;Thai Special ; 5 episodes;;;;;;https://mydramalist.com/61723-still-2gether
219;3 Will Be Free;2019;Thai Drama ; 10 episodes;;;;;;https://mydramalist.com/31871-3-will-be-free
220;SOTUS S;2017;Thai Drama ; 13 episodes;;;;;;https://mydramalist.com/22722-sotus-s-the-series
221;MuTeLuv: Diva Deva Mata;2025;Thai Drama ; 4 episodes;;;;;;https://mydramalist.com/780140-mu-te-luv-queen-of-queens
222;Reverse with Me;2025;Thai Drama ; 8 episodes;;;;;;https://mydramalist.com/762529-reverse-with-me
223;I Cannot Reach You;2023;Japanese Drama ; 8 episodes;;;;;;https://mydramalist.com/751409-kimi-ni-wa-todokanai
224;Rental Nan mo Shinai Hito;2020;Japanese Drama ; 12 episodes;;;;;;https://mydramalist.com/55311-rental-nan-mo-shinai-hito
225;Kamen Rider Zero-One;2019;Japanese Drama ; 45 episodes;;;;;;https://mydramalist.com/38955-kamen-rider-zero-one
226;Your Sky of Us;2025;Thai Special ; 3 episodes;;;;;;https://mydramalist.com/787322-your-sky-of-us
227;Denied Love;2025;Thai Drama ; 10 episodes;;;;;;https://mydramalist.com/788386-rin-mai-mi-wan-rak
228;Love from Outta Space;2019;Thai Drama ; 1 episodes;;;;;;https://mydramalist.com/52577-love-from-outta-space
229;Dark Blue Kiss;2019;Thai Drama ; 12 episodes;;;;;;https://mydramalist.com/31858-dark-blue-kiss
230;Kotaki Brothers;2020;Japanese Drama ; 12 episodes;;;;;;https://mydramalist.com/52559-kotaki-brothers-and-shikuhakku
231;Learning to Love;2025;Japanese Drama ; 11 episodes;;;;;;https://mydramalist.com/793096-ai-no-gakko
232;Analog Squad;2023;Thai Drama ; 8 episodes;;;;;;https://mydramalist.com/740805-analog-squad
233;Cupid's Last Wish;2022;Thai Drama ; 10 episodes;;;;;;https://mydramalist.com/715899-cupid-s-last-wish
234;180 Degree Longitude Passes Through Us;2022;Thai Drama ; 8 episodes;;;;;;https://mydramalist.com/719361-180-degrees-longitude-between-us
235;My Sweetheart Jom;2025;Thai Drama ; 12 episodes;;;;;;https://mydramalist.com/779142-my-sweet-heart-jom
236;My Sweetheart Jom: Uncut;2025;Thai Drama ; 12 episodes;;;;;;https://mydramalist.com/791476-my-sweetheart-jom-uncut
237;Girl Next Room: Richy Rich;2020;Thai Drama ; 5 episodes;;;;;;https://mydramalist.com/58457-girl-next-room-richy-rich
238;The Rebound;2024;Thai Drama ; 12 episodes;;;;;;https://mydramalist.com/753929-the-rebound
239;My Safe Zone;2025;Thai Drama ; 8 episodes;;;;;;https://mydramalist.com/785658-my-safe-zone
240;Be Mine: Prologue Day;2023;Thai Special ; 1 episodes;;;;;;https://mydramalist.com/750767-be-mine-prologue-day
241;Kakegurui;2018;Japanese Drama ; 10 episodes;;;;;;https://mydramalist.com/26395-kakegurui
242;10 Years Ticket;2022;Thai Drama ; 16 episodes;;;;;;https://mydramalist.com/715911-10-years-ticket
243;Pit Babe Season 2: Uncut;2025;Thai Drama ; 13 episodes;;;;;;https://mydramalist.com/788582-pit-babe-season-2-uncut
244;Half;2021;Thai Special ; 1 episodes;;;;;;https://mydramalist.com/699509-half
245;Colorful Love: Genderless Danshi ni Aisareteimasu;2021;Japanese Drama ; 10 episodes;;;;;;https://mydramalist.com/691747-karafurable
246;Nee Ruk Nai Krong Fai;2019;Thai Drama ; 18 episodes;;;;;;https://mydramalist.com/27598-nee-ruk-nai-krong-fai
247;Our Skyy 2: Never Let Me Go;2023;Thai Drama ; 2 episodes;;;;;;https://mydramalist.com/750735-our-skyy-2-never-let-me-go
248;Bed Friend: Uncut;2023;Thai Drama ; 10 episodes;;;;;;https://mydramalist.com/761173-bed-friend-uncut
249;Hormones Season 2;2014;Thai Drama ; 13 episodes;;;;;;https://mydramalist.com/10661-hormones-2
250;Blank;2024;Thai Drama ; 6 episodes;;;;;;https://mydramalist.com/759549-blank
251;The Killer Inside;2022;Japanese Drama ; 9 episodes;;;;;;https://mydramalist.com/732017-shinainaru-boku-e-satsui-wo-komete
252;Love Is a Poison;2024;Japanese Drama ; 12 episodes;;;;;;https://mydramalist.com/774029-doku-koi-doku-mo-sugireba-koi-to-naru
253;Waen Dok Mai;2017;Thai Drama ; 26 episodes;;;;;;https://mydramalist.com/23115-waen-dok-mai
254;Ready, Set, Love;2024;Thai Drama ; 6 episodes;;;;;;https://mydramalist.com/763003-ready-set-love
255;Great Men Academy;2019;Thai Drama ; 8 episodes;;;;;;https://mydramalist.com/31984-great-men-academy
256;The Three GentleBros;2022;Thai Drama ; 18 episodes;;;;;;https://mydramalist.com/715919-the-three-gentlebros
257;At 25:00 in Akasaka Season 2;2025;Japanese Drama ; 10 episodes;;;;;;https://mydramalist.com/795118-25-ji-akasaka-de-season-2
258;My Husband in Law;2020;Thai Drama ; 15 episodes;;;;;;https://mydramalist.com/29513-ok-keub-hak-ab-ruk-khun-samee
259;Caged Again;2024;Thai Drama ; 10 episodes;;;;;;https://mydramalist.com/770995-caged-again
260;KA Lip Care;2017;Thai Special ; 1 episodes;;;;;;https://mydramalist.com/680621-ka-lip-care
261;The Miracle of Teddy Bear;2022;Thai Drama ; 16 episodes;;;;;;https://mydramalist.com/59035-khun-mee-pa-ti-harn
262;Chastity High;2024;Japanese Drama ; 8 episodes;;;;;;https://mydramalist.com/772363-renai-battle-royale
263;Theory of Love;2019;Thai Drama ; 12 episodes;;;;;;https://mydramalist.com/31865-theory-of-love
264;Fujoshi, Ukkari Gei ni Kokuru;2019;Japanese Drama ; 8 episodes;;;;;;https://mydramalist.com/34090-fujoshi-ukkari-gei-ni-kokuru
265;My Beautiful Man;2021;Japanese Drama ; 6 episodes;;;;;;https://mydramalist.com/712695-utsukushii-kare
266;Star & Sky Special Ep;2022;Thai Special ; 1 episodes;;;;;;https://mydramalist.com/733969-star-sky-special-ep
267;His: I Didn't Think I Would Fall in Love;2019;Japanese Drama ; 5 episodes;;;;;;https://mydramalist.com/54733-his-koi-suru-tsumori-nante-nakatta
268;I'm the Most Beautiful Count;2025;Thai Drama ; 13 episodes;;;;;;https://mydramalist.com/768501-i-m-the-most-beautiful-count
269;Melody of Secrets;2025;Thai Drama ; 10 episodes;;;;;;https://mydramalist.com/780106-melody-of-secrets
270;One Room Angel;2023;Japanese Drama ; 6 episodes;;;;;;https://mydramalist.com/758133-one-room-angel
271;My Personal Weatherman;2023;Japanese Drama ; 8 episodes;;;;;;https://mydramalist.com/755469-my-personal-weatherman
272;Our Skyy 2: A Boss and a Babe;2023;Thai Special ; 2 episodes;;;;;;https://mydramalist.com/751161-our-skyy-2-a-boss-and-a-babe
273;Player;2025;Thai Drama ; 12 episodes;;;;;;https://mydramalist.com/787382-player
274;Pit Babe;2023;Thai Drama ; 13 episodes;;;;;;https://mydramalist.com/745575-pit-babe
275;The Fallen Leaf;2019;Thai Drama ; 21 episodes;;;;;;https://mydramalist.com/33035-bai-mai-tee-plid-plew
276;The Bangkok Boy;2025;Thai Drama ; 12 episodes;;;;;;https://mydramalist.com/685969-the-bangkok-boys
277;Kieta Hatsukoi Special;2021;Japanese Special ; 1 episodes;;;;;;https://mydramalist.com/717049-kieta-hatsukoi-special
278;BL Drama no Shuen ni Narimashita: Crank In Hen;2024;Japanese Special ; 1 episodes;;;;;;https://mydramalist.com/759957-bl-drama-no-shuen-ni-narimashita-crank-in-hen
279;Call Me by No-Name;2025;Japanese Drama ; 8 episodes;;;;;;https://mydramalist.com/782446-call-me-by-no-name
280;Shadow;2023;Thai Drama ; 14 episodes;;;;;;https://mydramalist.com/732943-shadow
281;Taste;2025;Thai Drama ; 8 episodes;;;;;;https://mydramalist.com/778238-taste
282;Pit Babe Season 2;2025;Thai Drama ; 13 episodes;;;;;;https://mydramalist.com/768505-pit-babe-season-2
283;Game of Outlaws;2021;Thai Drama ; 19 episodes;;;;;;https://mydramalist.com/59731-game-lah-torrachon
284;Tokyo Salad Bowl;2025;Japanese Drama ; 9 episodes;;;;;;https://mydramalist.com/778580-tokyo-salad-bowl
285;BL Drama no Shuen ni Narimashita: Crank Up Hen;2023;Japanese Special ; 3 episodes;;;;;;https://mydramalist.com/759955-bl-drama-no-shuen-ni-narimashita-crank-up-hen
286;The Stranded;2019;Thai Drama ; 7 episodes;;;;;;https://mydramalist.com/31923-the-stranded
287;My School President: Super Special Episode;2023;Thai Special ; 1 episodes;;;;;;https://mydramalist.com/755599-my-school-president-super-special-episode
288;High School Chorus;2015;Japanese Drama ; 10 episodes;;;;;;https://mydramalist.com/14662-omotesando-koukou-gasshoubu
289;Reverse 4 You;2024;Thai Drama ; 8 episodes;;;;;;https://mydramalist.com/707335-reverse-4-you
290;Perfect Propose;2024;Japanese Drama ; 6 episodes;;;;;;https://mydramalist.com/758431-perfect-propose
291;Reloved;2025;Thai Drama ; 10 episodes;;;;;;https://mydramalist.com/797604-reloved
292;Together with Me;2017;Thai Drama ; 13 episodes;;;;;;https://mydramalist.com/22990-together-with-me-the-series
293;Last Cinderella;2013;Japanese Drama ; 11 episodes;;;;;;https://mydramalist.com/6527-last-cinderella
294;My Golden Blood;2025;Thai Drama ; 12 episodes;;;;;;https://mydramalist.com/758589-my-golden-blood
295;Takara's Treasure;2024;Japanese Drama ; 10 episodes;;;;;;https://mydramalist.com/770063-takara-no-vidro
296;Our Skyy: Pete-Kao;2018;Thai Special ; 1 episodes;;;;;;https://mydramalist.com/770007-our-skyy-pete-kao
297;Wake Up Ladies;2018;Thai Drama ; 13 episodes;;;;;;https://mydramalist.com/28504-wake-up-the-series
298;Ossan's Love Returns Spin-off Drama: Haruta to Maki no Shinkon Shoya;2024;Japanese Special ; 1 episodes;;;;;;https://mydramalist.com/762387-ossan-s-love-returns-spin-off-drama-haruta-to-maki-no-shinkon-shoya
299;Love Is Better the Second Time Around;2024;Japanese Drama ; 6 episodes;;;;;;https://mydramalist.com/764893-koi-wo-suru-nara-nidome-ga-joto
300;Rak Diao;2022;Thai Drama ; 15 episodes;;;;;;https://mydramalist.com/716819-rak-diao
301;Chaser Game W2: Utsukushiki Tennyotachi;2024;Japanese Drama ; 8 episodes;;;;;;https://mydramalist.com/773755-chaser-game-w2
302;Dear Doctor, I'm Coming for Soul;2022;Thai Drama ; 12 episodes;;;;;;https://mydramalist.com/60701-dear-doctor-i-m-coming-for-your-soul
303;IS - Otoko Demo Onna Demo Nai Sei;2011;Japanese Drama ; 10 episodes;;;;;;https://mydramalist.com/2751-is-otoko-demo-onna-demo-nai-sei
304;Two Husbands One Wife;2025;Japanese Drama ; 11 episodes;;;;;;https://mydramalist.com/789408-sannin-fuufu
305;Meet You at the Blossom;2024;Thai Drama ; 12 episodes;;;;;;https://mydramalist.com/765387-meet-you-at-the-blossom
306;Hormones Season 3;2015;Thai Drama ; 13 episodes;;;;;;https://mydramalist.com/14996-hormones-3
307;Diary of Tootsies;2016;Thai Drama ; 12 episodes;;;;;;https://mydramalist.com/16679-diary-of-tootsies
308;The Greatest Teacher;2023;Japanese Drama ; 10 episodes;;;;;;https://mydramalist.com/752597-saiko-no-kyoshi-1-nen-go-watashi-wa-seito-ni-sareta
309;Residential Complex;2018;Japanese Drama ; 10 episodes;;;;;;https://mydramalist.com/26223-tonari-no-kazoku-wa-aoku-mieru
310;Jack o' Frost;2023;Japanese Drama ; 6 episodes;;;;;;https://mydramalist.com/747507-jack-frost
311;Wedding Plan Special Episode;2023;Thai Special ; 1 episodes;;;;;;https://mydramalist.com/757087-wedding-plan-special-episode
312;Stay by My Side after the Rain;2025;Japanese Drama ; 12 episodes;;;;;;https://mydramalist.com/793184-ameagari-no-bokura-ni-tsuite
313;The Love Never Sets;2025;Thai Drama ; 13 episodes;;;;;;https://mydramalist.com/791194-the-love-never-sets
314;Mandate;2025;Thai Drama ; 8 episodes;;;;;;https://mydramalist.com/781672-mandate
315;The Trainee;2024;Thai Drama ; 12 episodes;;;;;;https://mydramalist.com/758579-the-trainee
316;Wedding Plan: Uncut;2023;Thai Drama ; 7 episodes;;;;;;https://mydramalist.com/761271-wedding-plan-uncut
317;The Debut;2021;Thai Drama ; 13 episodes;;;;;;https://mydramalist.com/691741-the-debut-the-series
318;Runaway;2025;Thai Drama ; 8 episodes;;;;;;https://mydramalist.com/769279-runaway
319;Dangerous Queen;2025;Thai Drama ; 8 episodes;;;;;;https://mydramalist.com/789946-dangerous-queen
320;Jao Sao Jamloei;2022;Thai Drama ; 17 episodes;;;;;;https://mydramalist.com/64437-jao-sao-jum-loey
321;2gether;2020;Thai Drama ; 13 episodes;;;;;;https://mydramalist.com/39563-2gether-the-series
322;Apple My Love;2024;Thai Drama ; 6 episodes;;;;;;https://mydramalist.com/753553-apple
323;A Boss and a Babe;2023;Thai Drama ; 12 episodes;;;;;;https://mydramalist.com/743907-a-boss-and-a-babe
324;Love and Deception;2022;Thai Drama ; 16 episodes;;;;;;https://mydramalist.com/71983-ratee-luang
325;Our Skyy 2: My School President;2023;Thai Special ; 2 episodes;;;;;;https://mydramalist.com/751159-our-skyy-2-my-school-president
326;23.5;2024;Thai Drama ; 12 episodes;;;;;;https://mydramalist.com/732637-23-5-degree-the-world-incline
327;Roppongi Class;2022;Japanese Drama ; 13 episodes;;;;;;https://mydramalist.com/712691-roppongi-class
328;Mate;2024;Thai Drama ; 12 episodes;;;;;;https://mydramalist.com/762237-mate
329;Kidnap;2024;Thai Drama ; 12 episodes;;;;;;https://mydramalist.com/758591-kidnap
330;Fish upon the Sky;2021;Thai Drama ; 12 episodes;;;;;;https://mydramalist.com/682613-fish-upon-the-sky
331;Love in Translation;2023;Thai Drama ; 8 episodes;;;;;;https://mydramalist.com/749659-love-in-translation
332;Our Skyy 2;2023;Thai Drama ; 16 episodes;;;;;;https://mydramalist.com/743931-our-skyy-2
333;Something in My Room: Uncut;2022;Thai Drama ; 10 episodes;;;;;;https://mydramalist.com/761175-something-in-my-room-uncut
334;Phupha | Nanfah;2022;Thai Drama ; 2 episodes;;;;;;https://mydramalist.com/738295-the-promise
335;The Next Prince;2025;Thai Drama ; 14 episodes;;;;;;https://mydramalist.com/745183-the-next-prince
336;GAP;2022;Thai Drama ; 12 episodes;;;;;;https://mydramalist.com/707221-gap
337;Check Out: Special Episode;2021;Thai Special ; 1 episodes;;;;;;https://mydramalist.com/709529-check-out-special-episode
338;Hormones;2013;Thai Drama ; 13 episodes;;;;;;https://mydramalist.com/10032-hormones
339;Summer Night;2024;Thai Drama ; 10 episodes;;;;;;https://mydramalist.com/758593-summer-night
340;My Mischievous Fiancée;2021;Thai Drama ; 26 episodes;;;;;;https://mydramalist.com/59695-mae-krua-kon-mai
341;Ossan's Love Thailand;2025;Thai Drama ; 12 episodes;;;;;;https://mydramalist.com/758587-ossan-s-love
342;Dead Friend Forever - DFF;2023;Thai Drama ; 12 episodes;;;;;;https://mydramalist.com/759257-dead-friend-forever-dff
343;Tarm Ruk Keun Jai;2015;Thai Drama ; 14 episodes;;;;;;https://mydramalist.com/11436-tarm-ruk-keun-jai
344;At 25:00 in Akasaka;2024;Japanese Drama ; 10 episodes;;;;;;https://mydramalist.com/765825-25-ji-akasaka-de
345;Bed Friend;2023;Thai Drama ; 10 episodes;;;;;;https://mydramalist.com/699511-bed-friend
346;Rinsho Hanzai Gakusha Himura Hideo no Suiri: Another Story;2016;Japanese Special ; 3 episodes;;;;;;https://mydramalist.com/18464-rinsho-hanzai-gakusha-himura-hideo-no-suiri-another-story
347;Sugar Dog Life;2024;Japanese Drama ; 9 episodes;;;;;;https://mydramalist.com/771915-sugar-dog-life
348;Living with Him;2024;Japanese Drama ; 8 episodes;;;;;;https://mydramalist.com/765557-living-with-him
349;Love Sick Season 2;2015;Thai Drama ; 36 episodes;;;;;;https://mydramalist.com/13253-love-sick-the-series-season-2
350;Ugly Duckling Series: Perfect Match;2015;Thai Drama ; 9 episodes;;;;;;https://mydramalist.com/13254-ugly-duckling-series-perfect-match
351;Tokyo in April Is...;2023;Japanese Drama ; 8 episodes;;;;;;https://mydramalist.com/752825-shigatsu-no-tokyo-wa
352;I Will Knock You;2022;Thai Drama ; 12 episodes;;;;;;https://mydramalist.com/716891-i-will-hit-you
353;My Ride;2022;Thai Drama ; 10 episodes;;;;;;https://mydramalist.com/51889-my-ride-the-series
354;Kiss Me Again: Pete-Kao;2018;Thai Special ; 3 episodes;;;;;;https://mydramalist.com/79841-kiss-me-again-pete-kao
355;The Proper Way to Write Love;2025;Japanese Drama ; 8 episodes;;;;;;https://mydramalist.com/795038-renai-rubi-no-tadashii-furikata
356;Our Skyy;2018;Thai Drama ; 5 episodes;;;;;;https://mydramalist.com/31121-our-skyy
357;A Man Who Defies the World of BL;2021;Japanese Special ; 1 episodes;;;;;;https://mydramalist.com/689215-absolute-bl
358;Mr. Unlucky Has No Choice but to Kiss!;2022;Japanese Drama ; 8 episodes;;;;;;https://mydramalist.com/722729-fukou-kun-wa-kiss-suru-shikanai
359;Why R U?;2020;Thai Drama ; 13 episodes;;;;;;https://mydramalist.com/32592-why-r-u-the-series
360;Choosing Spouse by Lottery;2018;Japanese Drama ; 8 episodes;;;;;;https://mydramalist.com/29990-kekkon-aite-wa-chusen-de
361;The Best Story;2021;Thai Drama ; 3 episodes;;;;;;https://mydramalist.com/700551-the-best-story
362;Reverse with Me: Uncut;2025;Thai Drama ; 8 episodes;;;;;;https://mydramalist.com/785880-reverse-with-me-uncut
363;Tsuge & Minato;2020;Japanese Special ; 1 episodes;;;;;;https://mydramalist.com/683089-tsuge-minato
364;Cutie Pie;2022;Thai Drama ; 12 episodes;;;;;;https://mydramalist.com/695279-cutie-pie
365;My Love Mix-Up!;2024;Thai Drama ; 12 episodes;;;;;;https://mydramalist.com/758599-my-love-mix-up
366;Dangerous Romance;2023;Thai Drama ; 12 episodes;;;;;;https://mydramalist.com/743921-dangerous-romance
367;Ossan's Love Returns Telasa Spin Off: Forbidden Gout Temps Nouveau;2024;Japanese Special ; 2 episodes;;;;;;https://mydramalist.com/765643-ossan-s-love-returns-telasa-spin-off-forbidden-gout-temps-nouveau
368;Love Sea: The Home for Lovers;2025;Japanese Drama ; 10 episodes;;;;;;https://mydramalist.com/795876-love-sea-ai-no-ibasho
369;A Man Who Defies the World of BL Season 2;2022;Japanese Special ; 1 episodes;;;;;;https://mydramalist.com/715847-zettai-bl-ni-naru-sekai-vs-zettai-bl-ni-naritakunai-otoko-2
370;I Just Want to See You;2022;Japanese Drama ; 4 episodes;;;;;;https://mydramalist.com/729959-kimi-no-koto-dake-mite-itai
371;Cosmetic Playlover;2024;Japanese Drama ; 8 episodes;;;;;;https://mydramalist.com/772865-cosmetic-playlover
372;Diary of Tootsies Season 2;2017;Thai Drama ; 12 episodes;;;;;;https://mydramalist.com/22169-diary-of-tootsies-2
373;Love by Chance;2018;Thai Drama ; 14 episodes;;;;;;https://mydramalist.com/27393-love-by-chance
374;The Judgement;2018;Thai Drama ; 13 episodes;;;;;;https://mydramalist.com/30292-the-judgement
375;My Stubborn;2025;Thai Drama ; 12 episodes;;;;;;https://mydramalist.com/755701-nai-hia-bok-mai-chop-dek
376;Saigo kara Nibanme no Koi;2012;Japanese Drama ; 11 episodes;;;;;;https://mydramalist.com/3156-saigo-kara-nibanme-no-koi
377;Hiru no Yume: Another Side;2025;Japanese Drama ; 1 episodes;;;;;;https://mydramalist.com/803210-hiru-no-yume-another-side
378;Ano Toki Kiss Shite Okeba;2021;Japanese Drama ; 8 episodes;;;;;;https://mydramalist.com/692037-ano-toki-kisu-shite-okeba
379;Invisible;2022;Japanese Drama ; 10 episodes;;;;;;https://mydramalist.com/721063-invisible
380;Magic of Zero: Zero Photography;2022;Thai Special ; 1 episodes;;;;;;https://mydramalist.com/770083-magic-of-zero-zero-photography
381;Takara-kun & Amagi-kun;2022;Japanese Drama ; 8 episodes;;;;;;https://mydramalist.com/733433-takara-kun-to-amagi-kun
382;Why You… Y Me?;2022;Thai Drama ; 10 episodes;;;;;;https://mydramalist.com/711995-why-you-y-me
383;The High School Heroes;2021;Japanese Drama ; 8 episodes;;;;;;https://mydramalist.com/704379-the-high-school-heroes
384;Battle of the Writers;2024;Thai Drama ; 12 episodes;;;;;;https://mydramalist.com/765923-battle-of-the-writers
385;PorschArm the Wedding;2025;Thai TV Show ; 5 episodes;;;;;;https://mydramalist.com/772709-porscharm-the-wedding
386;So Wayree;2020;Thai Drama ; 15 episodes;;;;;;https://mydramalist.com/38645-soh-wayree
387;Friend Zone 2: Dangerous Area;2020;Thai Drama ; 16 episodes;;;;;;https://mydramalist.com/49793-friend-zone-2-dangerous-area
388;My Baby Bright: Best Friends Forever;2018;Thai Special ; 1 episodes;;;;;;https://mydramalist.com/28950-my-baby-bright
389;Y-Destiny Special Episode;2021;Thai Special ; 1 episodes;;;;;;https://mydramalist.com/704739-y-destiny-special-episode
390;U-Prince: Firstclass;2017;Thai Drama ; 4 episodes;;;;;;https://mydramalist.com/16461-u-prince-the-series-the-single-lawyer
391;Ie Uru Onna no Gyakushu;2019;Japanese Drama ; 10 episodes;;;;;;https://mydramalist.com/31112-ie-uru-onna-2
392;Views of Love: Grey Rainbow;2016;Thai Drama ; 4 episodes;;;;;;https://mydramalist.com/18451-grey-rainbow
393;The Boy Next World;2025;Thai Drama ; 10 episodes;;;;;;https://mydramalist.com/747973-the-boy-next-world
394;My Engineer;2020;Thai Drama ; 14 episodes;;;;;;https://mydramalist.com/26362-my-engineer
395;Star and Sky: Star in My Mind;2022;Thai Drama ; 8 episodes;;;;;;https://mydramalist.com/715945-star-and-sky-star-in-my-mind-sky-in-your-heart
396;Ai Nhai;2023;Thai Special ; 1 episodes;;;;;;https://mydramalist.com/750041-ai-nhai
397;I Became the Main Role of a BL Drama Season 2;2025;Japanese Drama ; 6 episodes;;;;;;https://mydramalist.com/783826-bl-drama-no-shuen-ni-narimashita
398;Shinjuku Field Hospital;2024;Japanese Drama ; 11 episodes;;;;;;https://mydramalist.com/770539-shinjuku-yasen-byoin
399;Something in My Room;2022;Thai Drama ; 10 episodes;;;;;;https://mydramalist.com/705159-something-in-my-room
400;Lost in the Woods;2025;Thai Drama ; 7 episodes;;;;;;https://mydramalist.com/717415-season-of-the-lost-forest
401;Chef wa Meitantei;2021;Japanese Drama ; 9 episodes;;;;;;https://mydramalist.com/692347-shefu-wa-mei-tantei
402;Nevertheless: The Shapes of Love;2024;Japanese Drama ; 8 episodes;;;;;;https://mydramalist.com/779448-wakatte-ite-mo-the-shapes-of-love
403;Love Senior Special;2024;Thai Drama ; 5 episodes;;;;;;https://mydramalist.com/779798-love-senior-special
404;11 Nin mo Iru!;2011;Japanese Drama ; 9 episodes;;;;;;https://mydramalist.com/2979-11nin-mo-iru
405;"Ossan’s Love Thailand: The Two of ""Us""";2025;Thai Special ; 3 episodes;;;;;;https://mydramalist.com/789968-ossan-s-love-thailand-the-two-of-us
406;Chaser Game W: Power Harassment Joshi wa Watashi no Moto Kano;2024;Japanese Drama ; 8 episodes;;;;;;https://mydramalist.com/759777-chaser-game-w-power-harassment-joshi-wa-watashi-no-moto-kano
407;Minato's Laundromat;2022;Japanese Drama ; 12 episodes;;;;;;https://mydramalist.com/724215-minato-shouji-coin-laundry
408;More than Words;2022;Japanese Drama ; 10 episodes;;;;;;https://mydramalist.com/735637-more-than-words
409;Joshi-teki Seikatsu;2018;Japanese Drama ; 4 episodes;;;;;;https://mydramalist.com/26209-life-as-a-girl
410;Ingredients;2020;Thai Special ; 21 episodes;;;;;;https://mydramalist.com/58765-ingredients
411;Senior Secret Love: Bake Me Love;2016;Thai Drama ; 6 episodes;;;;;;https://mydramalist.com/17019-senior-secret-love-bake-me-love
412;A Man Who Defies the World of BL 2024;2024;Japanese Drama ; 6 episodes;;;;;;https://mydramalist.com/762045-zettai-bl-ni-naru-sekai-vs-zettai-bl-ni-naritakunai-otoko-3
413;Scent of Memory;2023;Thai Drama ; 1 episodes;;;;;;https://mydramalist.com/759415-i-feel-you-linger-in-the-air-special-scent-of-memory
414;My Dear Loser: Monster Romance;2017;Thai Drama ; 10 episodes;;;;;;https://mydramalist.com/22782-my-dear-loser-series-monster-romance
415;Minato Shouji Coin Laundry Season 2;2023;Japanese Drama ; 12 episodes;;;;;;https://mydramalist.com/751425-minato-shouji-coin-laundry-season-2
416;Magic of Zero: Zero Supporter;2022;Thai Special ; 1 episodes;;;;;;https://mydramalist.com/770219-magic-of-zero-zero-supporter
417;Ossan's Love;2018;Japanese Drama ; 7 episodes;;;;;;https://mydramalist.com/27866-ossan-s-love
418;Destiny Calls;2019;Thai Special ; 1 episodes;;;;;;https://mydramalist.com/55611-destiny-calls
419;Sweet Tooth, Good Dentist;2025;Thai Drama ; 11 episodes;;;;;;https://mydramalist.com/768439-sweet-tooth-good-dentist
420;Followers;2020;Japanese Drama ; 9 episodes;;;;;;https://mydramalist.com/33880-followers
421;Ingredients Special;2020;Thai Special ; 1 episodes;;;;;;https://mydramalist.com/61259-ingredients-special
422;Our Skyy 2: Star in My Mind;2023;Thai Drama ; 2 episodes;;;;;;https://mydramalist.com/751153-our-skyy-2-star-in-my-mind
423;Destiny Seeker;2023;Thai Drama ; 10 episodes;;;;;;https://mydramalist.com/694215-destiny-seeker
424;Wedding Plan;2023;Thai Drama ; 7 episodes;;;;;;https://mydramalist.com/747971-wedding-plan
425;Kou Kou Kyoushi;1993;Japanese Drama ; 11 episodes;;;;;;https://mydramalist.com/2114-kou-kou-kyoushi
426;Love Sick;2014;Thai Drama ; 12 episodes;;;;;;https://mydramalist.com/10872-love-sick-the-series
427;TharnType Season 2: 7 Years of Love;2020;Thai Drama ; 12 episodes;;;;;;https://mydramalist.com/56199-tharntype-2
428;Star and Sky: Sky in Your Heart;2022;Thai Drama ; 8 episodes;;;;;;https://mydramalist.com/724629-star-and-sky-sky-in-your-heart
429;Gay OK Bangkok Season 2;2017;Thai Drama ; 7 episodes;;;;;;https://mydramalist.com/23170-gay-ok-bangkok-2
430;The End of the World with You;2023;Japanese Drama ; 8 episodes;;;;;;https://mydramalist.com/743993-bokura-no-micro-na-shuumatsu
431;Takara's Treasure Spin Off;2024;Japanese Special ; 1 episodes;;;;;;https://mydramalist.com/776931-takara-no-vidro-spin-off
432;Raise de wa Chanto Shimasu Season 2;2021;Japanese Drama ; 8 episodes;;;;;;https://mydramalist.com/694759-raise-de-wa-chanto-shimasu-2
433;Joshi Kousei no Mudazukai;2020;Japanese Drama ; 7 episodes;;;;;;https://mydramalist.com/52733-joshi-kosei-no-mudazukai
434;TharnType;2019;Thai Drama ; 12 episodes;;;;;;https://mydramalist.com/32555-tharntype-the-series
435;My Secret Love;2022;Thai Drama ; 12 episodes;;;;;;https://mydramalist.com/71965-secret-admirer
436;Bang Rak Soi 9/1;2016;Thai Drama ; 55 episodes;;;;;;https://mydramalist.com/20632-bang-rak-soi-91
437;Asuka High School March!;2011;Japanese Drama ; 9 episodes;;;;;;https://mydramalist.com/1344-asuko-march
438;21 Days Theory;2022;Thai Drama ; 4 episodes;;;;;;https://mydramalist.com/723175-21-days-theory
439;Apple My Love (Uncut Ver.);2024;Thai Drama ; 6 episodes;;;;;;https://mydramalist.com/778252-apple-my-love-uncut-ver
440;Lovely Writer Special Episode;2021;Thai Special ; 1 episodes;;;;;;https://mydramalist.com/702453-lovely-writer-special-episode
441;Memory in the Letter;2024;Thai Drama ; 6 episodes;;;;;;https://mydramalist.com/720749-memories-in-letters
442;Kei×Yaku: Abunai Aibou;2022;Japanese Drama ; 10 episodes;;;;;;https://mydramalist.com/714949-kei-yaku-abunai-aibou
443;Knock Knock, Boys!;2024;Thai Drama ; 12 episodes;;;;;;https://mydramalist.com/758003-knock-knock-boys
444;Love Sea: The Home for Lovers Special;2025;Japanese Drama ; 2 episodes;;;;;;https://mydramalist.com/801128-love-sea-the-home-for-lovers-special
445;Cooking Crush: Uncut Version;2023;Thai Drama ; 12 episodes;;;;;;https://mydramalist.com/760147-cooking-crush-uncut-version
446;We’re Both Grooms;2022;Japanese Special ; 1 episodes;;;;;;https://mydramalist.com/722209-boku-mo-aitsu-mo-shinrodesu
447;Together with Me: The Next Chapter;2018;Thai Drama ; 13 episodes;;;;;;https://mydramalist.com/27601-together-with-me-the-next-chapter
448;Ayaka is in Love with Hiroko! 2nd Stage;2025;Japanese Drama ; 6 episodes;;;;;;https://mydramalist.com/791536-ayaka-chan-wa-hiroko-senpai-ni-koishiteru-2nd-stage
449;Raise de wa Chanto Shimasu;2020;Japanese Drama ; 12 episodes;;;;;;https://mydramalist.com/52625-raise-de-wa-chanto-shimasu
450;The Player;2021;Thai Drama ; 16 episodes;;;;;;https://mydramalist.com/682593-the-player
451;2 Moons 2;2019;Thai Drama ; 12 episodes;;;;;;https://mydramalist.com/30962-2-moons-the-series-season-2
452;I Saw You in My Dream;2024;Thai Drama ; 12 episodes;;;;;;https://mydramalist.com/757997-i-saw-you-in-my-dream
453;Rak Kan Panlawan;2017;Thai Drama ; 14 episodes;;;;;;https://mydramalist.com/24218-rak-kan-panlawan
454;Deep Night Side Story: The Two of Us;2024;Thai Drama ; 6 episodes;;;;;;https://mydramalist.com/769507-deep-night-side-story
455;Mystique in the Mirror;2025;Thai Drama ; 8 episodes;;;;;;https://mydramalist.com/743091-mystique-in-the-mirror
456;Ao no SP: Gakko nai Keisatsu Shimada Ryuhei;2021;Japanese Drama ; 10 episodes;;;;;;https://mydramalist.com/75933-ao-no-sp-gakko-nai-keisatsu-shimada-ryuhei
457;Don't Say No;2021;Thai Drama ; 12 episodes;;;;;;https://mydramalist.com/699751-don-t-say-no
458;Candy Color Paradox;2022;Japanese Drama ; 8 episodes;;;;;;https://mydramalist.com/743473-ameiro-paradox
459;Hitochigai kara Hajimaru Koi mo Aru;2024;Japanese Drama ; 29 episodes;;;;;;https://mydramalist.com/776097-hitochigai-kara-hajimaru-koi-mo-aru
460;You Are My So(ul) Mate;2023;Thai Special ; 2 episodes;;;;;;https://mydramalist.com/752925-you-are-my-soulmate
461;Girl Next Room: Midnight Fantasy;2020;Thai Drama ; 4 episodes;;;;;;https://mydramalist.com/58455-girl-next-room-midnight-fantasy
462;You're My Sky;2022;Thai Drama ; 12 episodes;;;;;;https://mydramalist.com/68975-you-re-my-sky
463;Kiss x Kiss x Kiss: Love ii Shower;2023;Japanese Drama ; 8 episodes;;;;;;https://mydramalist.com/759041-kiss-x-kiss-x-kiss-love-ii-shower
464;Perfect Wife;2020;Thai Drama ; 19 episodes;;;;;;https://mydramalist.com/38755-mia-archeep
465;Dating Game;2025;Thai Drama ; 12 episodes;;;;;;https://mydramalist.com/786270-dating-game
466;Koi no Yamai to Yarougumi;2019;Japanese Drama ; 10 episodes;;;;;;https://mydramalist.com/39141-koi-no-yamai-to-yarougumi
467;Don't Say No: Special Episode;2021;Thai Special ; 1 episodes;;;;;;https://mydramalist.com/714089-don-t-say-no-special
468;En of Love: Love Mechanics;2020;Thai Drama ; 4 episodes;;;;;;https://mydramalist.com/56383-en-of-love-love-mechanics
469;Addicted Heroin (Uncut Ver.);2024;Thai Drama ; 10 episodes;;;;;;https://mydramalist.com/775099-addicted-heroin-uncut-ver
470;A Man Who Defies the World of BL Final;2025;Japanese Drama ; 6 episodes;;;;;;https://mydramalist.com/798920-zettai-bl-ni-naru-sekai-vs-zettai-bl-ni-naritakunai-otoko-final
471;Make Up with Mud;2024;Japanese Drama ; 9 episodes;;;;;;https://mydramalist.com/771151-kao-ni-doro-wo-nuru
472;Deep Night;2024;Thai Drama ; 8 episodes;;;;;;https://mydramalist.com/750883-deep-night
473;Kabe-Koji-Nekoyashiki-kun Desires to Be Recognized;2022;Japanese Drama ; 8 episodes;;;;;;https://mydramalist.com/730757-kabe-sa-doujin-sakka-no-neko-yashiki-kun-wa-shouninyokkyou-wo-kojiraseteiru
474;My Fairy Ghost;2022;Japanese Drama ; 4 episodes;;;;;;https://mydramalist.com/737815-ghost-girl-and-my-love
475;Futari Monologue;2017;Japanese Drama ; 6 episodes;;;;;;https://mydramalist.com/24827-futari-monologue
476;City of Stars Special Episode;2024;Thai Special ; 1 episodes;;;;;;https://mydramalist.com/769897-city-of-stars-special-episode
477;Intern in My Heart;2024;Thai Drama ; 10 episodes;;;;;;https://mydramalist.com/711991-intern-in-my-heart
478;Given;2021;Japanese Drama ; 6 episodes;;;;;;https://mydramalist.com/701867-given
479;Ghost Host, Ghost House;2022;Thai Drama ; 8 episodes;;;;;;https://mydramalist.com/725757-ghost-host-ghost-house
480;U-Prince: Thesis;2016;Thai Drama ; 4 episodes;;;;;;https://mydramalist.com/16463-u-prince-the-series-the-gentle-vet
481;Kimi no Tsugu Kaori wa;2024;Japanese Drama ; 8 episodes;;;;;;https://mydramalist.com/778384-kimi-no-tsugu-kaori-wa
482;Mood Indigo;2019;Japanese Drama ; 6 episodes;;;;;;https://mydramalist.com/33281-mood-indigo
483;Chuamong Tong Mon;2018;Thai Drama ; 14 episodes;;;;;;https://mydramalist.com/27180-chuamong-tong-mon
484;KA Sunscreen;2018;Thai Special ; 1 episodes;;;;;;https://mydramalist.com/680631-ka-sunscreen
485;Mr. Bride;2023;Japanese Drama ; 11 episodes;;;;;;https://mydramalist.com/748333-watashi-no-oyome-kun
486;Two Worlds;2024;Thai Drama ; 10 episodes;;;;;;https://mydramalist.com/735991-2-worlds
487;Wake Up Ladies Season 2: Very Complicated;2020;Thai Drama ; 10 episodes;;;;;;https://mydramalist.com/49817-wake-up-ladies-2-very-complicated
488;Sunao ni Narenakute;2010;Japanese Drama ; 11 episodes;;;;;;https://mydramalist.com/65-sunao-ni-narenakute
489;Atami no Sousakan;2010;Japanese Drama ; 8 episodes;;;;;;https://mydramalist.com/497-atami-no-sousakan
490;Revamp the Undead Story;2025;Thai Drama ; 10 episodes;;;;;;https://mydramalist.com/714271-my-broccoli
491;La Pluie;2023;Thai Drama ; 12 episodes;;;;;;https://mydramalist.com/738193-la-pluie
492;City of Stars;2024;Thai Drama ; 12 episodes;;;;;;https://mydramalist.com/703895-fueangnakorn
493;Hearts in Play;2025;Thai Drama ; 6 episodes;;;;;;https://mydramalist.com/795352-hearts-in-play
494;Ossan's Love;2016;Japanese Special ; 1 episodes;;;;;;https://mydramalist.com/22055-ossans-love
495;Ossan's Love: In the Sky;2019;Japanese Drama ; 8 episodes;;;;;;https://mydramalist.com/33093-ossan-s-love-2
496;Club Friday Hot Love Issue: Love Bully;2024;Thai Special ; 4 episodes;;;;;;https://mydramalist.com/770629-club-friday-season-16-love-bully
497;Mr. Mitsuya's Planned Feeding;2024;Japanese Drama ; 7 episodes;;;;;;https://mydramalist.com/772997-mitsuya-sensei-no-keikakutekina-ezuke
498;Buang Hong;2017;Thai Drama ; 12 episodes;;;;;;https://mydramalist.com/17277-buang-hong
499;I Saw You in My Dream: You & I in Our Dream;2024;Thai Special ; 1 episodes;;;;;;https://mydramalist.com/777748-i-saw-you-in-my-dream-you-i-in-our-dream
500;Mr. Sahara & Toki-kun;2023;Japanese Drama ; 8 episodes;;;;;;https://mydramalist.com/758983-sahara-sensei-to-toki-kun
501;Cooking Crush;2023;Thai Drama ; 12 episodes;;;;;;https://mydramalist.com/743913-cooking-crush
502;Transit Girls;2015;Japanese Drama ; 8 episodes;;;;;;https://mydramalist.com/15847-transit-girls
503;Cutie Pie 2 You;2023;Thai Special ; 4 episodes;;;;;;https://mydramalist.com/739423-cutie-pie-special-episode
504;Our Skyy: Pick-Rome;2018;Thai Special ; 1 episodes;;;;;;https://mydramalist.com/770001-our-skyy-pick-rome
505;The Secret (Love);2021;Thai Special ; 1 episodes;;;;;;https://mydramalist.com/705445-the-secret-love
506;Hidden Agenda;2023;Thai Drama ; 12 episodes;;;;;;https://mydramalist.com/743911-hidden-agenda
507;Absolute Zero;2023;Thai Drama ; 12 episodes;;;;;;https://mydramalist.com/60639-absolute-zero
508;Drag, I Love You;2022;Thai Drama ; 22 episodes;;;;;;https://mydramalist.com/682579-drag-i-love-you
509;My Dear Loser: Happy Ever After;2017;Thai Drama ; 12 episodes;;;;;;https://mydramalist.com/22781-my-dear-loser-series-happy-ever-after
510;The Tuxedo: Re-Edit Version;2022;Thai Drama ; 4 episodes;;;;;;https://mydramalist.com/732739-the-tuxedo-re-edit-version
511;"Ingredients Special Episode ""Before""";2021;Thai Special ; 1 episodes;;;;;;https://mydramalist.com/710769-ingredients-special-episode-before
512;Making Memorable Memories;2024;Thai Drama ; 18 episodes;;;;;;https://mydramalist.com/761259-making-memorable-memories
513;Across the Sky;2023;Thai Drama ; 14 episodes;;;;;;https://mydramalist.com/747295-across-the-sky
514;One Night Stand;2023;Thai Drama ; 13 episodes;;;;;;https://mydramalist.com/752831-one-night-stand
515;My Dear Loser: Edge of 17;2017;Thai Drama ; 9 episodes;;;;;;https://mydramalist.com/22783-my-dear-loser-series-edge-of-17
516;To Be Continued;2024;Thai Drama ; 8 episodes;;;;;;https://mydramalist.com/759847-to-be-continued
517;Raise de wa Chanto Shimasu Season 3;2022;Japanese Drama ; 12 episodes;;;;;;https://mydramalist.com/744103-raise-de-wa-chanto-shimasu-3
518;Sing Again;2022;Thai Drama ; 18 episodes;;;;;;https://mydramalist.com/688587-sing-again
519;Shujin-ko;2019;Japanese Drama ; 6 episodes;;;;;;https://mydramalist.com/40107-shujin-ko
520;What Color Is Your Love?;2019;Thai Special ; 1 episodes;;;;;;https://mydramalist.com/64011-love-must-be-pink
521;ThirTEEN Terrors;2014;Thai Drama ; 13 episodes;;;;;;https://mydramalist.com/11634-thirteen-terrors
522;Quarantine Stories;2020;Thai Drama ; 10 episodes;;;;;;https://mydramalist.com/61031-quarantine-stories
523;The Shipper;2020;Thai Drama ; 12 episodes;;;;;;https://mydramalist.com/49747-the-shipper
524;Twins;2023;Thai Drama ; 12 episodes;;;;;;https://mydramalist.com/738723-twins
525;Make It Right 2;2017;Thai Drama ; 14 episodes;;;;;;https://mydramalist.com/23102-make-it-right-2-the-series
526;Paint with Love;2021;Thai Drama ; 12 episodes;;;;;;https://mydramalist.com/701913-paint-with-love
527;Gay OK Bangkok;2016;Thai Drama ; 5 episodes;;;;;;https://mydramalist.com/17083-gay-ok-bangkok
528;Love Distance;2020;Japanese Drama ; 10 episodes;;;;;;https://mydramalist.com/63507-love-distance
529;Oxygen;2020;Thai Drama ; 13 episodes;;;;;;https://mydramalist.com/31915-oxygen-the-series
530;The Promise;2023;Thai Drama ; 10 episodes;;;;;;https://mydramalist.com/743733-the-promise
531;Boys Vibe;2025;Thai TV Show ; 10 episodes;;;;;;https://mydramalist.com/793748-boys-vibe
532;Host Sozoku Shichaimashita;2023;Japanese Drama ; 12 episodes;;;;;;https://mydramalist.com/749179-host-sozokushi-chaimashita
533;Catch Me Baby;2022;Thai Drama ; 12 episodes;;;;;;https://mydramalist.com/711989-catch-me-baby
534;Answer - Keishichou Kenshou Sousakan;2012;Japanese Drama ; 9 episodes;;;;;;https://mydramalist.com/3957-answer-keishichou-kenshou-sousakan
535;Lucky Love;2023;Thai Special ; 2 episodes;;;;;;https://mydramalist.com/752923-lucky-love
536;My Marvellous Dream Is You: Uncut;2024;Thai Drama ; 12 episodes;;;;;;https://mydramalist.com/791478-my-marvellous-dream-is-you-uncut
537;The Hidden Moon;2024;Thai Drama ; 10 episodes;;;;;;https://mydramalist.com/759115-the-hidden-moon
538;Till the World Ends: Uncut;2022;Thai Drama ; 10 episodes;;;;;;https://mydramalist.com/756849-till-the-world-ends-uncut
539;You and My Stars;2023;Thai Drama ; 2 episodes;;;;;;https://mydramalist.com/761681-you-and-my-stars
540;2 Moons;2017;Thai Drama ; 12 episodes;;;;;;https://mydramalist.com/22361-2-moons-the-series
541;Bake Me Please;2023;Thai Drama ; 6 episodes;;;;;;https://mydramalist.com/758829-bake-me-please
542;Kamen Rider Wizard;2012;Japanese Drama ; 53 episodes;;;;;;https://mydramalist.com/5164-kamen-rider-wizard
543;My Marvellous Dream Is You;2024;Thai Drama ; 12 episodes;;;;;;https://mydramalist.com/749165-dream
544;The Hidden Moon (Uncut Ver.);2024;Thai Drama ; 10 episodes;;;;;;https://mydramalist.com/776193-the-hidden-moon-uncut-ver
545;Second Love;2015;Japanese Drama ; 7 episodes;;;;;;https://mydramalist.com/12096-second-love
546;Doctor Climax;2024;Thai Drama ; 8 episodes;;;;;;https://mydramalist.com/763927-doctor-climax
547;Fake Couple;2015;Japanese Drama ; 10 episodes;;;;;;https://mydramalist.com/15610-fake-couple
548;(Your) Apple;2025;Thai Special ; 33 episodes;;;;;;https://mydramalist.com/788136-your-apple
549;SaifahZon Story;2020;Thai Special ; 3 episodes;;;;;;https://mydramalist.com/78141-saifahzon-story
550;What Six Survivors Told...;2022;Japanese Drama ; 6 episodes;;;;;;https://mydramalist.com/733687-ikinokotta-6-ri-ni-yoru-to
551;Are You Ready? Hey You Girl!;2018;Japanese Drama ; 5 episodes;;;;;;https://mydramalist.com/29242-are-you-ready-hey-you-girl
552;Unknown;2023;Japanese Drama ; 9 episodes;;;;;;https://mydramalist.com/748745-unknown
553;Country Boy 2;2022;Thai Drama ; 2 episodes;;;;;;https://mydramalist.com/715389-country-boy-2
554;YYY Special: Episode 0;2020;Thai Special ; 1 episodes;;;;;;https://mydramalist.com/60113-yyy-special-episode-0
555;Friend Zone;2018;Thai Drama ; 12 episodes;;;;;;https://mydramalist.com/27352-friend-zone
556;Call It What You Want Season 2;2021;Thai Drama ; 6 episodes;;;;;;https://mydramalist.com/700203-call-it-what-you-want-2
557;Gen Y;2020;Thai Drama ; 12 episodes;;;;;;https://mydramalist.com/54121-gen-y
558;Araburu Kisetsu no Otomedomo yo;2020;Japanese Drama ; 8 episodes;;;;;;https://mydramalist.com/65537-araburu-kisetsu-no-otome-domo-yo
559;The Yearbook;2021;Thai Drama ; 8 episodes;;;;;;https://mydramalist.com/695951-the-yearbook
560;Proong Nee Gor Ruk Ter;2009;Thai Drama ; 30 episodes;;;;;;https://mydramalist.com/9843-proong-nee-gor-ruk-ter
561;Room Alone Season 2;2015;Thai Drama ; 15 episodes;;;;;;https://mydramalist.com/15725-room-alone-2-the-series
562;Otona ni Natte mo;2025;Japanese Drama ; 12 episodes;;;;;;https://mydramalist.com/787522-otona-ni-natte-mo
563;BACK STREET GIRLS - Gokudoruzu;2019;Japanese Drama ; 6 episodes;;;;;;https://mydramalist.com/33700-back-street-girls-gokudoruzu
564;Magic of Zero;2022;Thai Special ; 3 episodes;;;;;;https://mydramalist.com/734771-magic-of-zero
565;Second Chance;2021;Thai Drama ; 6 episodes;;;;;;https://mydramalist.com/680869-second-chance
566;Going Home with Shibuya-Kun;2024;Japanese Drama ; 12 episodes;;;;;;https://mydramalist.com/764995-omukae-shibuya-kun
567;Addicted Heroin;2024;Thai Drama ; 10 episodes;;;;;;https://mydramalist.com/752357-heroin
568;Ai Long Nhai;2022;Thai Drama ; 12 episodes;;;;;;https://mydramalist.com/717543-ai-long-nai
569;Back;2022;Thai Special ; 1 episodes;;;;;;https://mydramalist.com/719247-back
570;Bake Me Please Special Episode;2024;Thai Special ; 1 episodes;;;;;;https://mydramalist.com/764033-bake-me-please-special-episode
571;Naughty Babe;2023;Thai Drama ; 8 episodes;;;;;;https://mydramalist.com/745185-naughty-babe
572;Remember Me;2022;Thai Drama ; 14 episodes;;;;;;https://mydramalist.com/722667-remember-me
573;Bangkok Love Stories 2: Innocence;2018;Thai Drama ; 13 episodes;;;;;;https://mydramalist.com/30425-bangkok-rak-stories-2-mai-diang-sa
574;Enchanté;2022;Thai Drama ; 10 episodes;;;;;;https://mydramalist.com/682617-enchante
575;Map for the Wedding;2022;Japanese Drama ; 10 episodes;;;;;;https://mydramalist.com/734823-kekkon-surutte-hontou-desu-ka
576;Secret Love;2024;Thai Drama ; 81 episodes;;;;;;https://mydramalist.com/772565-secret-love
577;U-Prince:  Sibtis;2016;Thai Drama ; 8 episodes;;;;;;https://mydramalist.com/16437-u-prince-the-series-the-handsome-cowboy
578;I Promise I Will Come Back (Uncut Ver.);2025;Thai Drama ; 8 episodes;;;;;;https://mydramalist.com/795436-i-promise-i-will-come-back-uncut-ver
579;Tokyo Alice;2017;Japanese Drama ; 12 episodes;;;;;;https://mydramalist.com/24666-tokyo-alice
580;Bad Guy My Boss Special Episode;2024;Thai Special ; 1 episodes;;;;;;https://mydramalist.com/783522-bad-guy-my-boss-special-episode
581;Truth or Dare;2019;Thai Special ; 1 episodes;;;;;;https://mydramalist.com/711365-truth-or-dare
582;Venus in the Sky Special;2023;Thai Special ; 1 episodes;;;;;;https://mydramalist.com/759627-venus-in-the-sky-special
583;Step by Step: Uncut Version;2023;Thai Drama ; 12 episodes;;;;;;https://mydramalist.com/755261-step-by-step-uncut-version
584;Baker Boys;2021;Thai Drama ; 12 episodes;;;;;;https://mydramalist.com/682585-baker-boys
585;Kiss Me Again;2018;Thai Drama ; 14 episodes;;;;;;https://mydramalist.com/27353-kiss-me-again
586;My Dear Gangster Oppa;2023;Thai Drama ; 8 episodes;;;;;;https://mydramalist.com/754885-my-dear-gangster-oppa
587;Oshi no Oujisama;2021;Japanese Drama ; 11 episodes;;;;;;https://mydramalist.com/702175-oshi-no-ojisama
588;Big Dragon;2022;Thai Drama ; 8 episodes;;;;;;https://mydramalist.com/721025-big-dragon
589;You Are the Cream in My Coffee;2023;Thai Special ; 7 episodes;;;;;;https://mydramalist.com/748887-you-are-the-cream-in-my-coffee
590;Love Stage!!;2022;Thai Drama ; 10 episodes;;;;;;https://mydramalist.com/683799-love-stage
591;Surrogacy;2021;Japanese Special ; 1 episodes;;;;;;https://mydramalist.com/691201-surrogacy
592;MARS - Tada, Kimi wo Aishiteru;2016;Japanese Drama ; 10 episodes;;;;;;https://mydramalist.com/16140-mars-tada-kimi-wo-aishiteru
593;Cornetto Love Expert;2020;Thai Special ; 3 episodes;;;;;;https://mydramalist.com/56677-cornetto-love-expert
594;Dosei no Shinyu wo Suki ni Natte Shimatta;2024;Japanese Drama ; 1 episodes;;;;;;https://mydramalist.com/771241-dosei-no-shinyu-wo-suki-ni-natte-shimatta
595;The Moment Special;2020;Thai Special ; 1 episodes;;;;;;https://mydramalist.com/63403-the-moment-special
596;Ubaat Rai Ubaat Ruk;2021;Thai Drama ; 16 episodes;;;;;;https://mydramalist.com/61709-ubaat-rai-ubaat-ruk
597;Only You;2025;Thai Drama ; 14 episodes;;;;;;https://mydramalist.com/777171-only-you
598;I Am Devil;2024;Thai Drama ; 7 episodes;;;;;;https://mydramalist.com/783226-i-am-devil
599;Siew Sum Noi;2021;Thai Drama ; 12 episodes;;;;;;https://mydramalist.com/699719-siew-sum-noi
600;I'm Your Pet;2024;Japanese Drama ; 44 episodes;;;;;;https://mydramalist.com/780244-i-m-your-pet
601;Make a Wish;2023;Thai Drama ; 6 episodes;;;;;;https://mydramalist.com/714581-make-a-wish
602;Nitiman;2021;Thai Drama ; 10 episodes;;;;;;https://mydramalist.com/62131-niti-man-society-and-lover
603;What Zabb Man!;2022;Thai Drama ; 8 episodes;;;;;;https://mydramalist.com/684477-what-zabb-man
604;The Cursed Love;2025;Thai Drama ; 8 episodes;;;;;;https://mydramalist.com/798402-the-cursed-love
605;Lucky My Love;2023;Thai Drama ; 5 episodes;;;;;;https://mydramalist.com/756595-lucky-my-love
606;609 Bedtime Story: Dream On;2023;Thai Special ; 1 episodes;;;;;;https://mydramalist.com/747887-609-bedtime-story-dream-on
607;Club Friday Season 8: True Love…or Confusion;2017;Thai Drama ; 4 episodes;;;;;;https://mydramalist.com/29262-club-friday-the-series-season-8-true-love-or-just-confused
608;The Effect;2019;Thai Drama ; 3 episodes;;;;;;https://mydramalist.com/32424-the-effect
609;Remember 15;2022;Thai Drama ; 12 episodes;;;;;;https://mydramalist.com/709665-remember-15
610;The Moment Since;2020;Thai Drama ; 5 episodes;;;;;;https://mydramalist.com/58393-the-moment-since
611;Inside Mari;2017;Japanese Drama ; 8 episodes;;;;;;https://mydramalist.com/24273-boku-wa-mari-no-naka
612;Secret Crush on You;2022;Thai Drama ; 14 episodes;;;;;;https://mydramalist.com/71913-stalker
613;Rainbow Lagoon;2022;Thai Drama ; 2 episodes;;;;;;https://mydramalist.com/730331-rainbow-lagoon
614;The Moment;2020;Thai Drama ; 4 episodes;;;;;;https://mydramalist.com/55985-the-moment
615;Love of Secret;2022;Thai Drama ; 2 episodes;;;;;;https://mydramalist.com/740801-love-of-secret
616;OMG! Vampire: Uncut Version;2024;Thai Drama ; 8 episodes;;;;;;https://mydramalist.com/770263-omg-vampire-uncut-version
617;I Am Devil Season 2;2025;Thai Drama ; 4 episodes;;;;;;https://mydramalist.com/789098-i-am-devil-season-2
618;Senpai, This Can’t Be Love!;2022;Japanese Drama ; 8 episodes;;;;;;https://mydramalist.com/728653-senpai-danjite-koide-wa
619;The Novelist;2018;Japanese Drama ; 6 episodes;;;;;;https://mydramalist.com/30034-pornographer
620;Love in the Air: Koi no Yokan Special Episode;2024;Japanese Special ; 2 episodes;;;;;;https://mydramalist.com/783148-love-in-the-air-koi-no-yokan-special-episode
621;609 Bedtime Story;2022;Thai Drama ; 11 episodes;;;;;;https://mydramalist.com/711993-609-bedtime-story
622;Till the World Ends;2022;Thai Drama ; 10 episodes;;;;;;https://mydramalist.com/714473-till-the-world-ends
623;Asunaro Hakusho;1993;Japanese Drama ; 11 episodes;;;;;;https://mydramalist.com/2694-ordinary-people
624;Super Rich;2021;Japanese Drama ; 11 episodes;;;;;;https://mydramalist.com/708861-super-rich
625;Remote de Korosareru;2020;Japanese Special ; 1 episodes;;;;;;https://mydramalist.com/63687-remotely-killed
626;Unlock Your Love;2024;Thai Drama ; 8 episodes;;;;;;https://mydramalist.com/763079-unlock-of-love
627;My Gear and Your Gown;2020;Thai Drama ; 12 episodes;;;;;;https://mydramalist.com/62815-my-gear-and-your-gown
628;ReminderS;2019;Thai Drama ; 3 episodes;;;;;;https://mydramalist.com/34078-reminders
629;La Cuisine;2022;Thai Drama ; 13 episodes;;;;;;https://mydramalist.com/711621-la-cuisine
630;Call It What You Want;2021;Thai Drama ; 6 episodes;;;;;;https://mydramalist.com/64025-call-it-what-you-want
631;Deep Night Side Story: The Two of Us Season 2;2024;Thai Drama ; 6 episodes;;;;;;https://mydramalist.com/776587-deep-night-side-story-the-two-of-us-season-2
632;Once in Memory: Uncut;2021;Thai Special ; 1 episodes;;;;;;https://mydramalist.com/707627-once-in-memory-uncut
633;The Camp Fire;2023;Thai Special ; 2 episodes;;;;;;https://mydramalist.com/752929-the-camp-fire
634;Country Boy;2021;Thai Drama ; 2 episodes;;;;;;https://mydramalist.com/701295-country-boy
635;Music Story: Losing Control;2025;Thai Drama ; 6 episodes;;;;;;https://mydramalist.com/789706-music-story-losing-control
636;Make It Right;2016;Thai Drama ; 12 episodes;;;;;;https://mydramalist.com/17121-make-it-right-the-series
637;Step by Step;2023;Thai Drama ; 12 episodes;;;;;;https://mydramalist.com/717357-step-by-step
638;Club Sapan Fine Season 2;2022;Thai Drama ; 8 episodes;;;;;;https://mydramalist.com/688373-club-sapan-fine-2
639;Golden Feathers;2025;Thai Drama ; 52 episodes;;;;;;https://mydramalist.com/798382-golden-feathers
640;7 Days Before Valentine;2023;Thai Drama ; 12 episodes;;;;;;https://mydramalist.com/722625-7-days-before-valentine
641;Live in Love;2024;Thai Drama ; 5 episodes;;;;;;https://mydramalist.com/757491-live-in-love
642;Friend with Benefits;2024;Thai Drama ; 5 episodes;;;;;;https://mydramalist.com/770593-friend-with-benefits
643;He She It;2019;Thai Drama ; 3 episodes;;;;;;https://mydramalist.com/54495-he-she-it
644;My Coach;2022;Thai Drama ; 16 episodes;;;;;;https://mydramalist.com/719425-my-coach
645;Doctor's Mine;2025;Thai Drama ; 10 episodes;;;;;;https://mydramalist.com/775427-doctor-s-mine
646;Part Time;2016;Thai Drama ; 26 episodes;;;;;;https://mydramalist.com/16647-part-time-the-series
647;Check Out Exclusive Episode;2022;Thai Special ; 1 episodes;;;;;;https://mydramalist.com/737531-check-out-exclusive-episode
648;Senior Secret Love: Puppy Honey;2016;Thai Drama ; 6 episodes;;;;;;https://mydramalist.com/17015-senior-secret-love-puppy-honey
649;Otona Koukou;2017;Japanese Drama ; 8 episodes;;;;;;https://mydramalist.com/25303-otona-koukou
650;On Cloud Nine;2022;Thai Drama ; 6 episodes;;;;;;https://mydramalist.com/721061-on-cloud-nine
651;Love Senior;2023;Thai Drama ; 10 episodes;;;;;;https://mydramalist.com/749573-phi-wak-kha-rak-nu-dai-mai
652;Music Story: Losing Control Season 2;2025;Thai Drama ; 3 episodes;;;;;;https://mydramalist.com/793842-music-story-losing-control-season-2
653;Close Friend Season 2;2022;Thai Drama ; 6 episodes;;;;;;https://mydramalist.com/711159-close-friend-season-2
654;My Bromance;2016;Thai Drama ; 12 episodes;;;;;;https://mydramalist.com/20502-my-bromance-the-series
655;My Dear Loser: In-Sun;2017;Thai Special ; 3 episodes;;;;;;https://mydramalist.com/718053-my-dear-loser-in-sun
656;Rider Time: Kamen Rider Ryuki;2019;Japanese Special ; 3 episodes;;;;;;https://mydramalist.com/33849-kamen-rider-zi-o-spin-off-part-1-rider-time-ryuki
657;Although I Love You, and You?;2024;Japanese Drama ; 10 episodes;;;;;;https://mydramalist.com/760683-sukiyanen-kedo-do-yaro-ka
658;Love Area Part 1;2021;Thai Drama ; 6 episodes;;;;;;https://mydramalist.com/696133-love-area
659;Season of Love in Shimane;2025;Thai Drama ; 8 episodes;;;;;;https://mydramalist.com/787356-season-of-love-in-shimane
660;Dominant Yakuza and Wimpy Corporate Slave;2024;Japanese Drama ; 10 episodes;;;;;;https://mydramalist.com/779532-ore-sama-yakuza-to-hetare-shachiku-kuni-wo-koeta-jingi-naki-dekiai
661;Room Alone;2014;Thai Drama ; 10 episodes;;;;;;https://mydramalist.com/11872-room-alone-the-series
662;Ants without Umbrella;2016;Japanese Drama ; 4 episodes;;;;;;https://mydramalist.com/15995-kasa-wo-motanai-aritachi-wa
663;Senior Secret Love: Puppy Honey 2;2017;Thai Drama ; 8 episodes;;;;;;https://mydramalist.com/22703-senior-secret-love-puppy-honey-2
664;Club Friday Season 5: Secret of a Heart That Doesn't Exist;2015;Thai Drama ; 4 episodes;;;;;;https://mydramalist.com/29586-club-friday-the-series-season-5-the-secret-of-a-heart-that-doesn-t-exist
665;Club Friday Uncharted Love: Complicated Love;2020;Thai Special ; 5 episodes;;;;;;https://mydramalist.com/61805-club-friday-the-series-12-rak-sap-son
666;Happy to Have You Here;2021;Thai Special ; 1 episodes;;;;;;https://mydramalist.com/688301-happy-to-have-you-here
667;Baby Vampire Blues;2021;Japanese Drama ; 8 episodes;;;;;;https://mydramalist.com/684111-aoki-vuanpaia-no-nayami
668;Ossan's Love: In The Sky Special;2019;Japanese Special ; 2 episodes;;;;;;https://mydramalist.com/53763-ossan-s-love-in-the-sky-special
669;i STORIES;2018;Thai Special ; 4 episodes;;;;;;https://mydramalist.com/29143-i-stories
670;Our Winter;2023;Thai Drama ; 14 episodes;;;;;;https://mydramalist.com/745801-our-winter
671;Mon Rak Asoon;2016;Thai Drama ; 27 episodes;;;;;;https://mydramalist.com/18511-mon-rak-asun
672;Kiss × Kiss × Kiss: Melting Night;2022;Japanese Drama ; 10 episodes;;;;;;https://mydramalist.com/737457-kiss-kiss-kiss-melting-night
673;Love in the Air: Koi no Yokan;2024;Japanese Drama ; 8 episodes;;;;;;https://mydramalist.com/776203-love-in-the-air-koi-no-yokan
674;Y-Destiny;2021;Thai Drama ; 15 episodes;;;;;;https://mydramalist.com/680855-destiny
675;The Tuxedo;2022;Thai Drama ; 8 episodes;;;;;;https://mydramalist.com/696055-the-tuxedo
676;Marry Go Round;2023;Thai Special ; 2 episodes;;;;;;https://mydramalist.com/752765-marry-go-round
677;Love Area Part 2: Director's Cut;2022;Thai Drama ; 7 episodes;;;;;;https://mydramalist.com/719667-love-area-part-2-director-s-cut
678;Golden Blood;2021;Thai Drama ; 8 episodes;;;;;;https://mydramalist.com/694971-golden-blood
679;Sangmin Dinneaw: Uncut;2024;Thai Drama ; 8 episodes;;;;;;https://mydramalist.com/783438-sangmin-dinneaw-uncut
680;En of Love: This Is Love Story;2020;Thai Drama ; 3 episodes;;;;;;https://mydramalist.com/56385-en-of-love-this-is-love-story
681;The War of Flowers;2022;Thai Drama ; 18 episodes;;;;;;https://mydramalist.com/682587-the-war-of-flower
682;Un-in Heart;2025;Thai Drama ; 2 episodes;;;;;;https://mydramalist.com/797740-un-in-heart
683;Naked Dining: Love, Life and Liberation;2023;Japanese Drama ; 12 episodes;;;;;;https://mydramalist.com/749667-zenra-meshi
684;Unlimited Love;2025;Thai Drama ; 10 episodes;;;;;;https://mydramalist.com/789966-unlimited-love
685;Kiss x Kiss x Kiss: Perfect Scandal;2022;Japanese Drama ; 12 episodes;;;;;;https://mydramalist.com/733729-kiss-x-kiss-x-kiss-perfect-scandal
686;Love Bipolar;2018;Thai Special ; 4 episodes;;;;;;https://mydramalist.com/27354-love-bipolar
687;TharnType Special: Lhong's Story;2019;Thai Special ; 1 episodes;;;;;;https://mydramalist.com/53449-tharntype-special-lhong-s-story
688;Kuzu no Honkai;2017;Japanese Drama ; 12 episodes;;;;;;https://mydramalist.com/21857-kuzu-no-honkai
689;Chapter of Green;2021;Thai Drama ; 12 episodes;;;;;;https://mydramalist.com/712987-chapter-of-green
690;Bad Romance;2016;Thai Drama ; 13 episodes;;;;;;https://mydramalist.com/19644-bad-romance-the-series
691;YYY;2020;Thai Drama ; 6 episodes;;;;;;https://mydramalist.com/58613-yyy
692;Oh My Boss;2021;Thai Drama ; 14 episodes;;;;;;https://mydramalist.com/49749-oh-my-boss
693;The Forest of Love: Deep Cut;2020;Japanese Drama ; 7 episodes;;;;;;https://mydramalist.com/59033-ai-naki-mori-de-sakebe
694;Love Syndrome III: Uncut Version;2023;Thai Drama ; 12 episodes;;;;;;https://mydramalist.com/751575-love-syndrome-iii-uncut-version
695;Restart(ed);2022;Thai Drama ; 11 episodes;;;;;;https://mydramalist.com/712257-re-start-ed
696;The Root;2022;Thai Drama ; 12 episodes;;;;;;https://mydramalist.com/66347-raak-gaew
697;Lover Merman;2025;Thai Drama ; 8 episodes;;;;;;https://mydramalist.com/749783-lover-merman
698;Kiss;2016;Thai Drama ; 16 episodes;;;;;;https://mydramalist.com/16369-kiss-the-series
699;My Friendship Season 2: Before the Rainbow;2022;Thai Drama ; 2 episodes;;;;;;https://mydramalist.com/59385-my-friendship-2
700;Scent of Love;2022;Thai Special ; 3 episodes;;;;;;https://mydramalist.com/720321-scent-of-love
701;The Renovation;2024;Thai Drama ; 2 episodes;;;;;;https://mydramalist.com/781168-the-renovation
702;Crush on You;2023;Thai Drama ; 7 episodes;;;;;;https://mydramalist.com/750075-crush-on-you
703;Sunset x Vibes Special Episode;2024;Thai Special ; 1 episodes;;;;;;https://mydramalist.com/778270-sunset-x-vibes-special-episode
704;I Promise I Will Come Back;2025;Thai Drama ; 8 episodes;;;;;;https://mydramalist.com/787166-i-promise-i-will-come-back
705;Be Mine SuperStar;2023;Thai Drama ; 12 episodes;;;;;;https://mydramalist.com/743325-be-mine-superstar
706;The Right One;2018;Thai Special ; 1 episodes;;;;;;https://mydramalist.com/27402-the-right-one
707;Our Days;2022;Thai Drama ; 12 episodes;;;;;;https://mydramalist.com/719155-our-days
708;Night Dream;2023;Thai Drama ; 6 episodes;;;;;;https://mydramalist.com/723173-night-dream
709;Accomplishment of Fudanshi Bartender;2022;Japanese Drama ; 2 episodes;;;;;;https://mydramalist.com/728921-accomplishment-of-fudanshi-bartender
710;Love by Chance Season 2: A Chance to Love;2020;Thai Drama ; 13 episodes;;;;;;https://mydramalist.com/52541-love-by-chance-2
711;Y Journey: Stay Like a Local;2023;Thai Drama ; 6 episodes;;;;;;https://mydramalist.com/757409-y-journey-stay-like-a-local
712;Club Friday Hot Love Issue: Domestic Incident;2024;Thai Special ; 4 episodes;;;;;;https://mydramalist.com/775821-club-friday-season-16-het-rai-nai-khrop-khrua
713;Gakko ja Oshierarenai!;2008;Japanese Drama ; 10 episodes;;;;;;https://mydramalist.com/559-gakko-ja-oshierarenai
714;The Middleman's Love: Uncut;2023;Thai Drama ; 8 episodes;;;;;;https://mydramalist.com/761355-the-middleman-s-love-uncut
715;Roommate Special Episode;2020;Thai Special ; 1 episodes;;;;;;https://mydramalist.com/67951-roommate-special-episode
716;Cleopatra na Onnatachi;2012;Japanese Drama ; 8 episodes;;;;;;https://mydramalist.com/3937-cleopatra-na-onnatachi
717;Water Boyy;2017;Thai Drama ; 14 episodes;;;;;;https://mydramalist.com/22825-water-boyy-the-series
718;The Outing;2024;Thai Drama ; 12 episodes;;;;;;https://mydramalist.com/746353-the-outing
719;Tonhon Chonlatee;2020;Thai Drama ; 10 episodes;;;;;;https://mydramalist.com/61973-ton-hon-chon-tee
720;Even Sun;2022;Thai Drama ; 6 episodes;;;;;;https://mydramalist.com/726447-even-sun-series
721;Love Poison Season 2;2021;Thai Drama ; 8 episodes;;;;;;https://mydramalist.com/682707-love-poison-2
722;Sangmin Dinneaw;2024;Thai Drama ; 8 episodes;;;;;;https://mydramalist.com/777668-sangmin-dinneaw
723;Bad Guy My Boss;2024;Thai Drama ; 12 episodes;;;;;;https://mydramalist.com/756083-bad-guy-my-boss
724;Cause You're My Boy;2018;Thai Drama ; 12 episodes;;;;;;https://mydramalist.com/27681-my-tee
725;Coffee & Vanilla;2019;Japanese Drama ; 10 episodes;;;;;;https://mydramalist.com/37567-coffee-vanilla
726;PIPLE: My Married Life with an AI;2020;Japanese Drama ; 8 episodes;;;;;;https://mydramalist.com/55725-pipuru-ai-to-kekkon-seikatsu-ga-hajimemashita
727;Sunset x Vibes;2024;Thai Drama ; 12 episodes;;;;;;https://mydramalist.com/750773-sunset-vibes
728;Brothers;2021;Thai Drama ; 13 episodes;;;;;;https://mydramalist.com/62181-brothers
729;War of High School;2016;Thai Drama ; 12 episodes;;;;;;https://mydramalist.com/19566-war-of-high-school-the-series
730;Love Poison;2019;Thai Drama ; 8 episodes;;;;;;https://mydramalist.com/52575-love-poison
731;The 8.2 Second Rule;2022;Japanese Drama ; 5 episodes;;;;;;https://mydramalist.com/731073-8-2-byo-no-hosoku
732;Meow Ears Up;2022;Thai Drama ; 8 episodes;;;;;;https://mydramalist.com/693649-meow-ears-up
733;Sea You Soon;2024;Thai Drama ; 4 episodes;;;;;;https://mydramalist.com/768407-sea-you-soon
734;Past-Senger;2023;Thai Drama ; 12 episodes;;;;;;https://mydramalist.com/713227-pastsenger
735;Sunset x Vibes: Uncut Version;2024;Thai Drama ; 12 episodes;;;;;;https://mydramalist.com/770447-sunsetxvibes-uncut-version
736;Long Khong;2020;Thai Drama ; 8 episodes;;;;;;https://mydramalist.com/55179-long-khong-series
737;Slam Dance;2017;Thai Drama ; 13 episodes;;;;;;https://mydramalist.com/23788-slam-dance-the-series
738;7 Project;2021;Thai Drama ; 7 episodes;;;;;;https://mydramalist.com/79479-seven-project
739;Winter Is Not the Death of Summer but the Birth of Spring;2024;Thai Drama ; 20 episodes;;;;;;https://mydramalist.com/779152-winter-is-not-the-death-of-summer-but-the-birth-of-spring
740;Make It Live: On the Beach;2019;Thai Drama ; 6 episodes;;;;;;https://mydramalist.com/39989-make-it-live-on-the-beach
741;Rup Thong;2018;Thai Drama ; 18 episodes;;;;;;https://mydramalist.com/28706-roop-thong
742;Boy's Abyss;2022;Japanese Drama ; 8 episodes;;;;;;https://mydramalist.com/734267-shounen-no-abyss
743;Show Me Love;2023;Thai Drama ; 9 episodes;;;;;;https://mydramalist.com/737825-show-me-love
744;I'm Your Moon;2025;Thai Drama ; 8 episodes;;;;;;https://mydramalist.com/763185-i-m-your-moon
745;Close Friend;2021;Thai Drama ; 6 episodes;;;;;;https://mydramalist.com/685191-close-friend
746;2 Moons: The Ambassador;2022;Thai Drama ; 12 episodes;;;;;;https://mydramalist.com/40745-2-moons-3-the-series
747;Bangkok G Story: Samet Island;2019;Thai Special ; 3 episodes;;;;;;https://mydramalist.com/34333-bangkok-g-story-samet-island
748;Senior Love Me?;2023;Thai Drama ; 2 episodes;;;;;;https://mydramalist.com/755513-senior-love-me
749;Unforgotten Night;2022;Thai Drama ; 12 episodes;;;;;;https://mydramalist.com/703897-unforgotten-night
750;Nibiiro no Hako no Naka de;2020;Japanese Drama ; 6 episodes;;;;;;https://mydramalist.com/54595-nibiiro-no-hako-no-naka-de
751;Re:Mind;2017;Japanese Drama ; 12 episodes;;;;;;https://mydramalist.com/25151-remind
752;My Universe;2023;Thai Drama ; 24 episodes;;;;;;https://mydramalist.com/746157-y-universe
753;My Blessing;2023;Thai Special ; 1 episodes;;;;;;https://mydramalist.com/748773-my-blessing
754;Venus in the Sky;2023;Thai Drama ; 10 episodes;;;;;;https://mydramalist.com/746333-venus-in-the-sky
755;Senior Love Me? Season 2;2023;Thai Drama ; 2 episodes;;;;;;https://mydramalist.com/756573-senior-love-me-season-2
756;Mission to the Moon;2025;Thai Drama ; 30 episodes;;;;;;https://mydramalist.com/788134-mission-to-the-moon
757;Chains of Heart;2023;Thai Drama ; 10 episodes;;;;;;https://mydramalist.com/713725-chains-of-heart
758;Last Meal Universe;2025;Thai Drama ; 8 episodes;;;;;;https://mydramalist.com/765909-last-meal-universe
759;OMG! Vampire;2024;Thai Drama ; 8 episodes;;;;;;https://mydramalist.com/759373-omg-vampire
760;Takumi-kun Series: Drama;2025;Japanese Drama ; 6 episodes;;;;;;https://mydramalist.com/798834-takumi-kun-series-drama
761;Friend Forever;2020;Thai Drama ; 12 episodes;;;;;;https://mydramalist.com/70801-friend-forever
762;Colorful Melody;2023;Thai Drama ; 4 episodes;;;;;;https://mydramalist.com/747969-colorful-melody
763;Oh! My Sunshine Night;2022;Thai Drama ; 18 episodes;;;;;;https://mydramalist.com/712305-oh-my-sunshine-night
764;Tokyo Vampire Hotel;2017;Japanese Drama ; 10 episodes;;;;;;https://mydramalist.com/23501-tokyo-vampire-hotel
765;Hidden Love;2021;Thai Drama ; 14 episodes;;;;;;https://mydramalist.com/689245-hidden-love
766;Love at 7-11;2019;Thai Drama ; 8 episodes;;;;;;https://mydramalist.com/52165-i-found-love-in-7-11
767;Bangkok G Story;2017;Thai Drama ; 20 episodes;;;;;;https://mydramalist.com/26530-bangkok-g-story
768;Self;2022;Thai Drama ; 6 episodes;;;;;;https://mydramalist.com/734485-self-we-see-you
769;The Love of Winter;2022;Thai Drama ; 2 episodes;;;;;;https://mydramalist.com/717413-the-love-of-winter
770;War of Y;2022;Thai Drama ; 20 episodes;;;;;;https://mydramalist.com/722673-war-of-y
771;Kiss Me with Unspoken Love;2024;Thai Drama ; 69 episodes;;;;;;https://mydramalist.com/778714-kiss-me-with-unspoken-love
772;Coffee Melody Special Episode;2022;Thai Special ; 2 episodes;;;;;;https://mydramalist.com/744479-coffee-melody-special-episode
773;My Strawberry Film;2024;Japanese Drama ; 8 episodes;;;;;;https://mydramalist.com/763609-my-strawberry-film
774;Delete Your Past;2024;Thai Drama ; 3 episodes;;;;;;https://mydramalist.com/771819-delete-your-past
775;Deep Night Special Episode;2024;Thai Special ; 1 episodes;;;;;;https://mydramalist.com/769597-deep-night-special-episode
776;My Mate Match;2021;Thai Drama ; 5 episodes;;;;;;https://mydramalist.com/705843-mate-match
777;Love With Benefits;2021;Thai Drama ; 5 episodes;;;;;;https://mydramalist.com/712965-love-with-benefits
778;YYY Special;2020;Thai Special ; 3 episodes;;;;;;https://mydramalist.com/61781-yyy-2
779;2Wish;2019;Thai Special ; 2 episodes;;;;;;https://mydramalist.com/52427-2wish-the-series
780;NightTime;2019;Thai Drama ; 3 episodes;;;;;;https://mydramalist.com/39449-nighttime
781;Right Time, Right You;2023;Thai Special ; 2 episodes;;;;;;https://mydramalist.com/752921-right-time-right-you
782;In a Relationship;2022;Thai Drama ; 20 episodes;;;;;;https://mydramalist.com/731171-in-a-relationship
783;The Whisperer;2023;Thai Drama ; 9 episodes;;;;;;https://mydramalist.com/742565-the-whisperer
784;Casanova Begins;2023;Thai Special ; 2 episodes;;;;;;https://mydramalist.com/752927-casanova-begins
785;Hit Bite Love: Uncut;2023;Thai Drama ; 6 episodes;;;;;;https://mydramalist.com/761429-hit-bite-love-uncut
786;Wifi Society: Gray Secret;2015;Thai Special ; 1 episodes;;;;;;https://mydramalist.com/14952-wifi-society-gray-secret
787;My Secret of Seer;2025;Thai Drama ; 8 episodes;;;;;;https://mydramalist.com/794662-my-secret-of-seer
788;Love Lie Hide Fake: The Series;2018;Thai Drama ; 8 episodes;;;;;;https://mydramalist.com/29371-love-lie-hide-fake
789;Homeroom;2020;Japanese Drama ; 10 episodes;;;;;;https://mydramalist.com/52615-homeroom
790;Calculating Love;2020;Thai Drama ; 7 episodes;;;;;;https://mydramalist.com/62483-calculate-love
791;Work From Heart;2022;Thai Drama ; 7 episodes;;;;;;https://mydramalist.com/716593-work-from-heart
792;Me, My Husband, and My Husband's Boyfriend;2023;Japanese Drama ; 10 episodes;;;;;;https://mydramalist.com/749013-watashi-to-otto-to-otto-no-kareshi
793;Close Friend Season 3: Soju Bomb!;2024;Thai Drama ; 6 episodes;;;;;;https://mydramalist.com/749991-close-friend-season-3-soju-bomb
794;Tin Tem Jai Special;2023;Thai Special ; 2 episodes;;;;;;https://mydramalist.com/753311-tin-tem-jai-special
795;The Best Twins;2019;Thai Drama ; 8 episodes;;;;;;https://mydramalist.com/30673-the-best-twins
796;Choose;2017;Thai Drama ; 5 episodes;;;;;;https://mydramalist.com/22784-choose
797;Re:Wind;2017;Japanese Special ; 1 episodes;;;;;;https://mydramalist.com/26894-re-wind
798;Low Frequency;2023;Thai Drama ; 8 episodes;;;;;;https://mydramalist.com/749643-low-frequency
799;2BB;2023;Thai Drama ; 3 episodes;;;;;;https://mydramalist.com/757153-organize-the-chaos
800;Love on Lo;2023;Thai Drama ; 2 episodes;;;;;;https://mydramalist.com/760481-love-on-lo
801;Soulmate;2020;Thai Drama ; 2 episodes;;;;;;https://mydramalist.com/680449-soulmate
802;Love Syndrome III;2023;Thai Drama ; 12 episodes;;;;;;https://mydramalist.com/721427-love-syndrome
803;En of Love: TOSSARA;2020;Thai Drama ; 4 episodes;;;;;;https://mydramalist.com/33785-en-of-love
804;The Underwear;2017;Thai Drama ; 10 episodes;;;;;;https://mydramalist.com/22416-the-underwear
805;Roommate;2020;Thai Drama ; 4 episodes;;;;;;https://mydramalist.com/64797-roommate
806;I Love You;2018;Thai Drama ; 3 episodes;;;;;;https://mydramalist.com/32289-i-love-you
807;1626;2023;Thai Special ; 2 episodes;;;;;;https://mydramalist.com/753129-1626
808;Bite Me;2021;Thai Drama ; 11 episodes;;;;;;https://mydramalist.com/64557-grab-a-bite
809;Ghost Runner;2020;Thai Drama ; 8 episodes;;;;;;https://mydramalist.com/59157-ghost-runner
810;My Dream;2018;Thai Drama ; 12 episodes;;;;;;https://mydramalist.com/28893-my-dream-the-series
811;Friends Forever;2023;Thai Special ; 2 episodes;;;;;;https://mydramalist.com/752931-friends-forever
812;Blessing of Love;2025;Thai Drama ; 4 episodes;;;;;;https://mydramalist.com/785614-blessing-of-love
813;Dinosaur Love Special: Go to Vietnam;2023;Thai Special ; 1 episodes;;;;;;https://mydramalist.com/759859-dinosaur-love-special-go-to-vietnam
814;Polyethylene Terephthalate;2023;Japanese Drama ; 3 episodes;;;;;;https://mydramalist.com/749759-polyethylene-terephthalate
815;Hometown's Embrace;2021;Thai Drama ; 8 episodes;;;;;;https://mydramalist.com/703413-hometown-s-embrace
816;Love Area Part 2;2022;Thai Drama ; 8 episodes;;;;;;https://mydramalist.com/710865-love-area-part-2
817;Love Enemy;2024;Thai Drama ; 2 episodes;;;;;;https://mydramalist.com/774345-love-enemy
818;House of Stars;2023;Thai Drama ; 12 episodes;;;;;;https://mydramalist.com/736739-house-of-stars
819;Renai Shindan;2007;Japanese Drama ; 12 episodes;;;;;;https://mydramalist.com/2331-renai-shindan
820;Pisces of Me;2023;Thai Special ; 2 episodes;;;;;;https://mydramalist.com/753075-pisces-of-me
821;Gen Y Season 2;2021;Thai Drama ; 12 episodes;;;;;;https://mydramalist.com/687523-gen-y-2
822;My Keychain;2022;Thai Drama ; 4 episodes;;;;;;https://mydramalist.com/731341-my-keychain
823;The Middleman's Love;2023;Thai Drama ; 8 episodes;;;;;;https://mydramalist.com/683785-middle-love
824;Eye Contact (Uncut Ver.);2025;Thai Drama ; 6 episodes;;;;;;https://mydramalist.com/795432-eye-contact-uncut
825;DogBro;2025;Thai Drama ; 6 episodes;;;;;;https://mydramalist.com/768423-not-my-bro
826;Thank God It's Friday;2019;Thai Drama ; 12 episodes;;;;;;https://mydramalist.com/39515-thank-god-it-s-friday
827;Fake Love;2023;Thai Special ; 2 episodes;;;;;;https://mydramalist.com/753049-fake-love
828;I Wish You Love;2024;Thai Special ; 2 episodes;;;;;;https://mydramalist.com/753483-i-wish-you-love
829;Flirt Milk;2025;Thai Drama ; 10 episodes;;;;;;https://mydramalist.com/744485-the-taste-of-fresh-milk
830;My Roommate;2022;Thai Drama ; 32 episodes;;;;;;https://mydramalist.com/734555-roommate
831;Future;2023;Thai Drama ; 6 episodes;;;;;;https://mydramalist.com/715177-future
832;You Never Eat Alone;2020;Thai Drama ; 12 episodes;;;;;;https://mydramalist.com/682711-you-never-eat-alone
833;Bad Roommate;2021;Thai Drama ; 30 episodes;;;;;;https://mydramalist.com/689097-bad-roomate
834;Hard Love Mission;2022;Thai Drama ; 7 episodes;;;;;;https://mydramalist.com/737821-hard-love-mission
835;The Last Night;2025;Thai Drama ; 2 episodes;;;;;;https://mydramalist.com/797708-the-last-night
836;Kare ga Boku ni Koishita Wake;2020;Japanese Drama ; 4 episodes;;;;;;https://mydramalist.com/61873-kare-ga-boku-ni-koishita-ryuu
837;Secret Ghost;2025;Thai Drama ; 10 episodes;;;;;;https://mydramalist.com/787340-secret-ghost
838;My Bromance 2: 5 Years Later;2020;Thai Drama ; 9 episodes;;;;;;https://mydramalist.com/31849-my-bromance-2
839;P.P.O.I.;1999;Japanese Drama ; 8 episodes;;;;;;https://mydramalist.com/616-p.p.o.i
840;Bangkok;2020;Thai Drama ; 2 episodes;;;;;;https://mydramalist.com/63435-bangkok
841;Suntiny;2025;Thai Drama ; 10 episodes;;;;;;https://mydramalist.com/789948-suntiny
842;4 Destiny;2025;Thai Drama ; 8 episodes;;;;;;https://mydramalist.com/797470-4-destiny-project
843;I Am Your King;2017;Thai Drama ; 5 episodes;;;;;;https://mydramalist.com/24516-i-am-your-king-the-series
844;Mendol;2008;Japanese Drama ; 12 episodes;;;;;;https://mydramalist.com/170-mendol
845;Boyband;2023;Thai Drama ; 6 episodes;;;;;;https://mydramalist.com/747101-boyband
846;If I Love a Boy;2019;Thai Drama ; 5 episodes;;;;;;https://mydramalist.com/38861-if-i-love-a-boy
847;1000 Years Old;2024;Thai Drama ; 12 episodes;;;;;;https://mydramalist.com/758325-1000-years-old
848;Bad Brother;2017;Thai Drama ; 5 episodes;;;;;;https://mydramalist.com/30395-bad-brother
849;Coffee Melody;2022;Thai Drama ; 10 episodes;;;;;;https://mydramalist.com/710605-coffee-melody
850;Boy Scouts;2022;Thai Drama ; 2 episodes;;;;;;https://mydramalist.com/721603-boy-scouts
851;2Day;2020;Thai Special ; 1 episodes;;;;;;https://mydramalist.com/55987-2day
852;A Secretly Love;2024;Thai Drama ; 10 episodes;;;;;;https://mydramalist.com/756089-pluem-khon-prot
853;Top Secret Together;2021;Thai Drama ; 15 episodes;;;;;;https://mydramalist.com/682143-top-secret-together
854;Mission: Love or Lies;2025;Thai Drama ; 4 episodes;;;;;;https://mydramalist.com/793254-mission-love-or-lies
855;For Him;2023;Thai Drama ; 12 episodes;;;;;;https://mydramalist.com/741923-for-him
856;Kare ga Boku ni Koishita Wake Season 2;2021;Japanese Drama ; 10 episodes;;;;;;https://mydramalist.com/684871-kare-ga-boku-ni-koishita-wake-2
857;Fahlanruk;2022;Thai Drama ; 12 episodes;;;;;;https://mydramalist.com/33965-fhalanrak-the-series
858;Skinship Season 2;2021;Thai Special ; 3 episodes;;;;;;https://mydramalist.com/695275-skinship-2
859;Love Love You 2;2019;Thai Special ; 2 episodes;;;;;;https://mydramalist.com/40827-love-love-you-2-the-series
860;So Much in Love;2020;Thai Drama ; 13 episodes;;;;;;https://mydramalist.com/54491-so-much-in-love
861;Tin Tem Jai;2023;Thai Drama ; 10 episodes;;;;;;https://mydramalist.com/721407-tin-tam-jai
862;Social Death Vote;2018;Thai Drama ; 6 episodes;;;;;;https://mydramalist.com/30447-social-death-vote
863;Be Love;2020;Japanese Drama ; 4 episodes;;;;;;https://mydramalist.com/74671-be-love
864;Kiseki Chapter 2;2024;Thai Drama ; 6 episodes;;;;;;https://mydramalist.com/759779-kiseki-chapter-2
865;The Luminous Solution;2023;Thai Drama ; 6 episodes;;;;;;https://mydramalist.com/735757-the-luminous-solution
866;Hotel Stars;2019;Thai Drama ; 12 episodes;;;;;;https://mydramalist.com/33706-hotel-stars-the-series
867;The Cupid Coach;2021;Thai Drama ; 12 episodes;;;;;;https://mydramalist.com/64565-the-cupid-coach
868;I Am Your King Season 2;2019;Thai Drama ; 10 episodes;;;;;;https://mydramalist.com/33140-i-am-your-king-the-series-ii
869;What If;2022;Thai Drama ; 5 episodes;;;;;;https://mydramalist.com/735915-what-if
870;With Love;2019;Thai Drama ; 15 episodes;;;;;;https://mydramalist.com/35443-with-love-the-series
871;I'm Your Boyy;2022;Thai Drama ; 21 episodes;;;;;;https://mydramalist.com/721619-i-m-your-boyy
872;Deal Lover;2021;Thai Drama ; 5 episodes;;;;;;https://mydramalist.com/687209-deal-lover
873;Key Love;2019;Thai Drama ; 2 episodes;;;;;;https://mydramalist.com/38717-key-love-the-series
874;Skinship;2020;Thai Special ; 3 episodes;;;;;;https://mydramalist.com/64953-skinship
875;Playboyy;2023;Thai Drama ; 14 episodes;;;;;;https://mydramalist.com/753491-playboyy
876;The Secret of the Secretary;2025;Japanese Drama ; 3 episodes;;;;;;https://mydramalist.com/797158-the-secret-of-the-secretary
877;My Boy;2021;Thai Drama ; 12 episodes;;;;;;https://mydramalist.com/62215-my-boy
878;Loy Kaew First Love;2025;Thai Drama ; 6 episodes;;;;;;https://mydramalist.com/778322-loy-kaew-first-love
879;Refund Love;2024;Thai Special ; 2 episodes;;;;;;https://mydramalist.com/753485-refund-love
880;Time;2024;Thai Drama ; 10 episodes;;;;;;https://mydramalist.com/737827-time
881;The Star;2024;Thai Drama ; 2 episodes;;;;;;https://mydramalist.com/762481-the-star
882;Physical Therapy;2022;Thai Drama ; 12 episodes;;;;;;https://mydramalist.com/716659-physical-therapy
883;Yuri Dano Kan Dano;2019;Japanese Drama ; 8 episodes;;;;;;https://mydramalist.com/34177-yuridano-kandano
884;Hit Bite Love;2023;Thai Drama ; 6 episodes;;;;;;https://mydramalist.com/725031-hit-bite-lick
885;Dinosaur Love;2023;Thai Drama ; 8 episodes;;;;;;https://mydramalist.com/748383-dinosaur-love
886;Evening Café;2021;Thai Drama ; 4 episodes;;;;;;https://mydramalist.com/688727-evening-cafe
887;Beyond the Star;2023;Thai Drama ; 8 episodes;;;;;;https://mydramalist.com/753981-beyond-the-star
888;Loveless Society;2021;Thai Drama ; 4 episodes;;;;;;https://mydramalist.com/69513-loveless-society
889;Beside You;2024;Thai Drama ; 3 episodes;;;;;;https://mydramalist.com/760653-beside-you
890;What the Duck;2018;Thai Drama ; 20 episodes;;;;;;https://mydramalist.com/24890-what-the-duck-the-series
891;The Last Time;2025;Thai Drama ; 8 episodes;;;;;;https://mydramalist.com/744487-the-last-time
892;Eye Contact;2025;Thai Drama ; 6 episodes;;;;;;https://mydramalist.com/64567-eye-contact
893;Check Out;2022;Thai Drama ; 12 episodes;;;;;;https://mydramalist.com/704089-check-out
894;That's My Candy;2022;Thai Drama ; 6 episodes;;;;;;https://mydramalist.com/689527-that-s-my-candy
895;Crazy Handsome Rich;2023;Thai Drama ; 6 episodes;;;;;;https://mydramalist.com/753237-crazy-handsome-rich
896;What the Duck Season 2: Final Call;2019;Thai Drama ; 8 episodes;;;;;;https://mydramalist.com/29064-what-the-duck-2
897;Fourever You Part 2;2025;Thai Drama ; 24 episodes;;;;;;https://mydramalist.com/787712-fourever-you-season-2
