rank,title,country,type,year_released,episodes
1,ClaireBell,Thai,Drama,2025,8
2,Alice in Borderland,Japanese,Drama,2020,8
3,Me and Thee,Thai,Drama,2025,10
4,School Trip: Joined a Group I’m Not Close To,Japanese,Drama,2025,10
5,Jack & Joker: U Steal My Heart! (Uncut Ver.),Thai,Drama,2024,12
6,Khemjira,Thai,Drama,2025,12
7,Jack & Joker: U Steal My Heart!,Thai,Drama,2024,12
8,High School Frenemy,Thai,Drama,2024,16
9,Goddess Bless You from Death,Thai,Drama,2025,13
10,Reset,Thai,Drama,2025,10
11,My Magic Prophecy,Thai,Drama,2025,10
12,Perfect 10 Liners,Thai,Drama,2024,24
13,Love in the Moonlight,Thai,Drama,2025,12
14,Top Form,Thai,Drama,2025,11
15,Last Twilight: Uncut Version,Thai,Drama,2023,12
16,"MuTeLuv: ""Hi” by My Luck",Thai,Drama,2025,4
17,Burnout Syndrome,Thai,Drama,2025,10
18,Head 2 Head,Thai,Drama,2025,12
19,Love Design,Thai,Drama,2025,8
20,Pluto,Thai,Drama,2024,12
21,Not Me,Thai,Drama,2021,14
22,Queendom,Thai,Drama,2025,12
23,Gelboys,Thai,Drama,2025,7
24,"She Loves to Cook, and She Loves to Eat Season 2",Japanese,Drama,2024,20
25,Our Youth,Japanese,Drama,2024,10
26,A Tale of Thousand Stars,Thai,Drama,2021,10
27,The Heart Killers: Uncut,Thai,Drama,2024,12
28,ThamePo Heart That Skips a Beat,Thai,Drama,2024,13
29,KinnPorsche Side Story,Thai,Special,2022,1
30,Last Twilight,Thai,Drama,2023,12
31,To the Moon and Back,Thai,Drama,2023,21
32,I Feel You Linger in the Air: Uncut Version,Thai,Drama,2023,12
33,The Boyfriend,Japanese,TV Show,2024,10
34,Century of Love,Thai,Drama,2024,10
35,The Secret of Us,Thai,Drama,2024,8
36,My Stand-In,Thai,Drama,2024,12
37,Fourever You (Uncut Ver.),Thai,Drama,2024,17
38,Us,Thai,Drama,2025,12
39,Only Boo!,Thai,Drama,2024,12
40,Special Episode JohanNorth,Thai,Drama,2025,2
41,My School President,Thai,Drama,2022,12
42,The Loyal Pin,Thai,Drama,2024,16
43,Shine (Orchestric Ver.),Thai,Drama,2025,8
44,"She Loves to Cook, and She Loves to Eat",Japanese,Drama,2022,10
45,Daughters,Thai,Drama,2020,24
46,Love Design (Uncut Ver.),Thai,Drama,2025,8
47,Our Skyy 2: A Tale of Thousand Stars,Thai,Special,2023,1
48,Fourever You,Thai,Drama,2024,17
49,Last Twilight in Phuket,Thai,Special,2021,1
50,Shine (Acoustic Ver.),Thai,Drama,2025,8
51,Bad Buddy,Thai,Drama,2021,12
52,My Cherie Amour,Thai,Drama,2024,19
53,Love's in Sight!,Japanese,Drama,2021,10
54,P.S. I Hate You,Thai,Drama,2022,18
55,Me and Who,Thai,Drama,2025,10
56,Poisonous Love,Thai,Drama,2025,10
57,Smells Like Green Spirit,Japanese,Drama,2024,8
58,I Feel You Linger in the Air,Thai,Drama,2023,12
59,Midnight Diner,Japanese,Drama,2009,10
60,Our Youth: After Story,Japanese,Special,2025,2
61,Triage,Thai,Drama,2022,13
62,My Love Mix-Up!,Japanese,Drama,2021,10
63,Our Dining Table,Japanese,Drama,2023,10
64,Memoir of Rati,Thai,Drama,2025,12
65,Ohsama Sentai King-Ohger,Japanese,Drama,2023,50
66,Your Sky: Uncut,Thai,Drama,2024,12
67,Midnight Diner Season 2,Japanese,Drama,2011,10
68,Boys in Love,Thai,Drama,2025,12
69,Legal High 2,Japanese,Drama,2013,10
70,Hold My Hand at Twilight,Japanese,Drama,2023,10
71,Love in the Air: Special Episode,Thai,Special,2022,1
72,The Boy Next World Special Episode: A World Where We Don’t Know Each Other,Thai,Special,2025,1
73,Your Sky,Thai,Drama,2024,12
74,"To Sir, with Love",Thai,Drama,2022,17
75,That Summer,Thai,Drama,2025,10
76,The Eclipse,Thai,Drama,2022,12
77,The Warp Effect,Thai,Drama,2022,12
78,Somewhere Somehow,Thai,Drama,2025,13
79,Manner of Death,Thai,Drama,2020,14
80,Blank Season 2,Thai,Drama,2024,6
81,Moonlight Chicken,Thai,Drama,2023,8
82,Harmony Secret,Thai,Drama,2025,8
83,Hana-Kimi,Japanese,Drama,2007,12
84,"Every You, Every me (Director's Cut.)",Thai,Drama,2024,8
85,Affair,Thai,Drama,2024,8
86,Spare Me Your Mercy,Thai,Drama,2024,8
87,Ossan's Love Returns,Japanese,Drama,2024,9
88,My Stand-In: Uncut,Thai,Drama,2024,12
89,Midnight Diner: Tokyo Stories,Japanese,Drama,2016,10
90,Jack & Joker: U Steal My Heart! Special Episode,Thai,Special,2025,1
91,Love Mechanics: Director's Cut,Thai,Drama,2022,3
92,The Loyal Pin: Uncut,Thai,Drama,2024,16
93,Where Have My Skirts Gone?,Japanese,Drama,2019,10
94,Petrichor,Thai,Drama,2024,10
95,Old Fashion Cupcake Epilogue: Apple Pie,Japanese,Special,2022,1
96,4Minutes,Thai,Drama,2024,8
97,Dare You to Death,Thai,Drama,2025,10
98,This Love Doesn't Have Long Beans,Thai,Drama,2024,8
99,Midnight Diner: Tokyo Stories Season 2,Japanese,Drama,2019,10
100,Our Skyy 2: Bad Buddy x A Tale of Thousand Stars,Thai,Special,2023,2
101,Midnight Museum,Thai,Drama,2023,10
102,The Next Prince: Uncut,Thai,Drama,2025,14
103,Queendom (Uncut Ver.),Thai,Drama,2025,12
104,Valentine's Day / Rokkaku,Japanese,Special,2020,1
105,Our Skyy 2: Vice Versa,Thai,Special,2023,2
106,We Are,Thai,Drama,2024,16
107,Legal High,Japanese,Drama,2012,11
108,"When It Rains, It Pours",Japanese,Drama,2025,7
109,Until We Meet Again,Thai,Drama,2019,17
110,Punks Triangle,Japanese,Drama,2025,8
111,He's Coming to Me,Thai,Drama,2019,8
112,TharnType Special: Our Final Love,Thai,Special,2020,1
113,The Full-Time Wife Escapist,Japanese,Drama,2016,11
114,Cinderella Closet,Japanese,Drama,2025,12
115,Nigeru wa Haji da ga Yaku ni Tatsu: Ganbare Jinrui! Shinshun Special!!,Japanese,Special,2021,1
116,A Restaurant with Many Problems,Japanese,Drama,2015,10
117,Ossan no Pants ga Nandatte Ii Janai ka!,Japanese,Drama,2024,11
118,I Told Sunset about You,Thai,Drama,2020,5
119,17.3 About a Sex,Japanese,Drama,2020,9
120,Love in Translation: Uncut,Thai,Drama,2023,8
121,The Wicked Game,Thai,Drama,2025,10
122,The Aromantics,Japanese,Drama,2022,8
123,Cherry Magic! Thirty Years of Virginity Can Make You a Wizard?!,Japanese,Drama,2020,12
124,What Did You Eat Yesterday? Season 2,Japanese,Drama,2023,12
125,Eternal Yesterday,Japanese,Drama,2022,8
126,Dragon Zakura Season 2,Japanese,Drama,2021,10
127,Ikebukuro West Gate Park,Japanese,Drama,2000,11
128,Whale Store xoxo,Thai,Drama,2025,10
129,Roller Coaster,Thai,Drama,2025,8
130,Girl from Nowhere Season 2,Thai,Drama,2021,8
131,Love Design Special Episode,Thai,Drama,2025,2
132,Pretty Proofreader,Japanese,Drama,2016,10
133,Love Mechanics,Thai,Drama,2022,10
134,Jitenshaya-san no Takahashi-kun,Japanese,Drama,2022,8
135,I Hear the Sunspot,Japanese,Drama,2024,12
136,Love in the Air,Thai,Drama,2022,13
137,The Heart Killers,Thai,Drama,2024,12
138,The Sign: Uncut,Thai,Drama,2023,12
139,Between Us Special,Thai,Drama,2021,6
140,LoveSick 2024,Thai,Drama,2024,15
141,I Promised You the Moon,Thai,Drama,2021,5
142,Ototo no Otto,Japanese,Drama,2018,3
143,Boys' Journey,Thai,TV Show,2023,16
144,The Sign,Thai,Drama,2023,12
145,Midnight Diner Season 3,Japanese,Drama,2014,10
146,Pit Babe: Uncut,Thai,Drama,2023,13
147,Our Skyy 2: The Eclipse,Thai,Drama,2023,2
148,Life: Love on the Line,Japanese,Drama,2020,4
149,Love Shuffle,Japanese,Drama,2009,10
150,Love Begins in the World of If,Japanese,Drama,2025,6
151,Cherry Magic,Thai,Drama,2023,12
152,Therapy Game,Japanese,Drama,2025,9
153,My Stubborn Special Episode,Thai,Drama,2025,2
154,Our Skyy 2: Bad Buddy,Thai,Special,2023,1
155,MuTeLuv,Thai,Drama,2025,28
156,Chosen Home,Japanese,Drama,2025,10
157,My Only 12%,Thai,Drama,2022,14
158,4Minutes (Sultrier Version),Thai,Drama,2024,8
159,The Journey to Killing You,Japanese,Drama,2025,6
160,Project S: SPIKE,Thai,Drama,2017,8
161,The Love Proposal,Thai,Drama,2022,15
162,Never Let Me Go,Thai,Drama,2022,12
163,KinnPorsche,Thai,Drama,2022,14
164,Wandee Goodday,Thai,Drama,2024,12
165,Only Friends,Thai,Drama,2023,12
166,What Did You Eat Yesterday?,Japanese,Drama,2019,12
167,Golden Kamuy: The Hunt of Prisoners in Hokkaido,Japanese,Drama,2024,9
168,The Boy Next World: Uncut,Thai,Drama,2025,10
169,Eien No Kinou: Complete Edition,Japanese,Drama,2023,8
170,Knock Out,Thai,Drama,2025,12
171,Saving My Stupid Youth,Japanese,Drama,2014,10
172,"Theory of Love: Special Episode ""Stand By Me""",Thai,Special,2020,1
173,Your Divorce Is Served!,Japanese,Drama,2025,10
174,Petrichor: Uncut,Thai,Drama,2024,10
175,Vice Versa,Thai,Drama,2022,12
176,My Beautiful Man Season 2,Japanese,Drama,2023,4
177,Be My Favorite,Thai,Drama,2023,12
178,Kimi to Nara Koi wo Shite Mite mo,Japanese,Drama,2023,5
179,10 Things I Want to Do before I Turn 40,Japanese,Drama,2025,12
180,Kamen Rider Gaim,Japanese,Drama,2013,47
181,TharnType Season 2 Special: The Wedding Day,Thai,Special,2021,1
182,Good Old Days,Thai,Drama,2022,12
183,Us: Uncut Version,Thai,Drama,2025,12
184,The Sign Special Episode Encore,Thai,Special,2024,1
185,Lovely Writer,Thai,Drama,2021,12
186,Old Fashion Cupcake,Japanese,Drama,2022,5
187,Break Up Service,Thai,Drama,2025,12
188,55:15 Never Too Late,Thai,Drama,2021,16
189,Animals,Japanese,Drama,2022,8
190,Meet Me after School,Japanese,Drama,2018,11
191,Love Sea Special Episode,Thai,Special,2024,1
192,Kinou Nani Tabeta? SP,Japanese,Special,2020,1
193,Tumbling,Japanese,Drama,2010,11
194,Rearrange,Thai,Drama,2025,10
195,Kisarazu Cat's Eye,Japanese,Drama,2002,9
196,Ayaka is in Love with Hiroko!,Japanese,Drama,2024,8
197,Last Friends,Japanese,Drama,2008,11
198,The Ex-Morning,Thai,Drama,2025,10
199,I Will Be Your Bloom,Japanese,Drama,2022,10
200,SOTUS,Thai,Drama,2016,15
201,Denied Love (Uncut Ver.),Thai,Drama,2025,10
202,Depth of Field,Japanese,Drama,2025,6
203,Monster Next Door,Thai,Drama,2024,12
204,Double,Japanese,Drama,2022,10
205,Knock Out Special Episode,Thai,Special,2025,1
206,Our Dining Table Spin Off,Japanese,Special,2023,1
207,Laws of Attraction,Thai,Drama,2023,8
208,46 Days,Thai,Drama,2021,18
209,Interminable,Thai,Drama,2025,11
210,Affair: Uncensored,Thai,Drama,2024,8
211,Happy of the End,Japanese,Drama,2024,8
212,Kamisama no Ekohiiki,Japanese,Drama,2022,8
213,"Every You, Every Me",Thai,Drama,2024,8
214,Love Sea,Thai,Drama,2024,10
215,Our Skyy: Arthit-Kongpob,Thai,Special,2018,1
216,Between Us,Thai,Drama,2022,12
217,Charging Gel,Thai,Special,2025,8
218,Still 2gether,Thai,Special,2020,5
219,3 Will Be Free,Thai,Drama,2019,10
220,SOTUS S,Thai,Drama,2017,13
221,MuTeLuv: Diva Deva Mata,Thai,Drama,2025,4
222,Reverse with Me,Thai,Drama,2025,8
223,I Cannot Reach You,Japanese,Drama,2023,8
224,Rental Nan mo Shinai Hito,Japanese,Drama,2020,12
225,Kamen Rider Zero-One,Japanese,Drama,2019,45
226,Your Sky of Us,Thai,Special,2025,3
227,Denied Love,Thai,Drama,2025,10
228,Love from Outta Space,Thai,Drama,2019,1
229,Dark Blue Kiss,Thai,Drama,2019,12
230,Kotaki Brothers,Japanese,Drama,2020,12
231,Learning to Love,Japanese,Drama,2025,11
232,Analog Squad,Thai,Drama,2023,8
233,Cupid's Last Wish,Thai,Drama,2022,10
234,180 Degree Longitude Passes Through Us,Thai,Drama,2022,8
235,My Sweetheart Jom,Thai,Drama,2025,12
236,My Sweetheart Jom: Uncut,Thai,Drama,2025,12
237,Girl Next Room: Richy Rich,Thai,Drama,2020,5
238,The Rebound,Thai,Drama,2024,12
239,My Safe Zone,Thai,Drama,2025,8
240,Be Mine: Prologue Day,Thai,Special,2023,1
241,Kakegurui,Japanese,Drama,2018,10
242,10 Years Ticket,Thai,Drama,2022,16
243,Pit Babe Season 2: Uncut,Thai,Drama,2025,13
244,Half,Thai,Special,2021,1
245,Colorful Love: Genderless Danshi ni Aisareteimasu,Japanese,Drama,2021,10
246,Nee Ruk Nai Krong Fai,Thai,Drama,2019,18
247,Our Skyy 2: Never Let Me Go,Thai,Drama,2023,2
248,Bed Friend: Uncut,Thai,Drama,2023,10
249,Hormones Season 2,Thai,Drama,2014,13
250,Blank,Thai,Drama,2024,6
251,The Killer Inside,Japanese,Drama,2022,9
252,Love Is a Poison,Japanese,Drama,2024,12
253,Waen Dok Mai,Thai,Drama,2017,26
254,"Ready, Set, Love",Thai,Drama,2024,6
255,Great Men Academy,Thai,Drama,2019,8
256,The Three GentleBros,Thai,Drama,2022,18
257,At 25:00 in Akasaka Season 2,Japanese,Drama,2025,10
258,My Husband in Law,Thai,Drama,2020,15
259,Caged Again,Thai,Drama,2024,10
260,KA Lip Care,Thai,Special,2017,1
261,The Miracle of Teddy Bear,Thai,Drama,2022,16
262,Chastity High,Japanese,Drama,2024,8
263,Theory of Love,Thai,Drama,2019,12
264,"Fujoshi, Ukkari Gei ni Kokuru",Japanese,Drama,2019,8
265,My Beautiful Man,Japanese,Drama,2021,6
266,Star & Sky Special Ep,Thai,Special,2022,1
267,His: I Didn't Think I Would Fall in Love,Japanese,Drama,2019,5
268,I'm the Most Beautiful Count,Thai,Drama,2025,13
269,Melody of Secrets,Thai,Drama,2025,10
270,One Room Angel,Japanese,Drama,2023,6
271,My Personal Weatherman,Japanese,Drama,2023,8
272,Our Skyy 2: A Boss and a Babe,Thai,Special,2023,2
273,Player,Thai,Drama,2025,12
274,Pit Babe,Thai,Drama,2023,13
275,The Fallen Leaf,Thai,Drama,2019,21
276,The Bangkok Boy,Thai,Drama,2025,12
277,Kieta Hatsukoi Special,Japanese,Special,2021,1
278,BL Drama no Shuen ni Narimashita: Crank In Hen,Japanese,Special,2024,1
279,Call Me by No-Name,Japanese,Drama,2025,8
280,Shadow,Thai,Drama,2023,14
281,Taste,Thai,Drama,2025,8
282,Pit Babe Season 2,Thai,Drama,2025,13
283,Game of Outlaws,Thai,Drama,2021,19
284,Tokyo Salad Bowl,Japanese,Drama,2025,9
285,BL Drama no Shuen ni Narimashita: Crank Up Hen,Japanese,Special,2023,3
286,The Stranded,Thai,Drama,2019,7
287,My School President: Super Special Episode,Thai,Special,2023,1
288,High School Chorus,Japanese,Drama,2015,10
289,Reverse 4 You,Thai,Drama,2024,8
290,Perfect Propose,Japanese,Drama,2024,6
291,Reloved,Thai,Drama,2025,10
292,Together with Me,Thai,Drama,2017,13
293,Last Cinderella,Japanese,Drama,2013,11
294,My Golden Blood,Thai,Drama,2025,12
295,Takara's Treasure,Japanese,Drama,2024,10
296,Our Skyy: Pete-Kao,Thai,Special,2018,1
297,Wake Up Ladies,Thai,Drama,2018,13
298,Ossan's Love Returns Spin-off Drama: Haruta to Maki no Shinkon Shoya,Japanese,Special,2024,1
299,Love Is Better the Second Time Around,Japanese,Drama,2024,6
300,Rak Diao,Thai,Drama,2022,15
301,Chaser Game W2: Utsukushiki Tennyotachi,Japanese,Drama,2024,8
302,"Dear Doctor, I'm Coming for Soul",Thai,Drama,2022,12
303,IS - Otoko Demo Onna Demo Nai Sei,Japanese,Drama,2011,10
304,Two Husbands One Wife,Japanese,Drama,2025,11
305,Meet You at the Blossom,Thai,Drama,2024,12
306,Hormones Season 3,Thai,Drama,2015,13
307,Diary of Tootsies,Thai,Drama,2016,12
308,The Greatest Teacher,Japanese,Drama,2023,10
309,Residential Complex,Japanese,Drama,2018,10
310,Jack o' Frost,Japanese,Drama,2023,6
311,Wedding Plan Special Episode,Thai,Special,2023,1
312,Stay by My Side after the Rain,Japanese,Drama,2025,12
313,The Love Never Sets,Thai,Drama,2025,13
314,Mandate,Thai,Drama,2025,8
315,The Trainee,Thai,Drama,2024,12
316,Wedding Plan: Uncut,Thai,Drama,2023,7
317,The Debut,Thai,Drama,2021,13
318,Runaway,Thai,Drama,2025,8
319,Dangerous Queen,Thai,Drama,2025,8
320,Jao Sao Jamloei,Thai,Drama,2022,17
321,2gether,Thai,Drama,2020,13
322,Apple My Love,Thai,Drama,2024,6
323,A Boss and a Babe,Thai,Drama,2023,12
324,Love and Deception,Thai,Drama,2022,16
325,Our Skyy 2: My School President,Thai,Special,2023,2
326,23.5,Thai,Drama,2024,12
327,Roppongi Class,Japanese,Drama,2022,13
328,Mate,Thai,Drama,2024,12
329,Kidnap,Thai,Drama,2024,12
330,Fish upon the Sky,Thai,Drama,2021,12
331,Love in Translation,Thai,Drama,2023,8
332,Our Skyy 2,Thai,Drama,2023,16
333,Something in My Room: Uncut,Thai,Drama,2022,10
334,Phupha | Nanfah,Thai,Drama,2022,2
335,The Next Prince,Thai,Drama,2025,14
336,GAP,Thai,Drama,2022,12
337,Check Out: Special Episode,Thai,Special,2021,1
338,Hormones,Thai,Drama,2013,13
339,Summer Night,Thai,Drama,2024,10
340,My Mischievous Fiancée,Thai,Drama,2021,26
341,Ossan's Love Thailand,Thai,Drama,2025,12
342,Dead Friend Forever - DFF,Thai,Drama,2023,12
343,Tarm Ruk Keun Jai,Thai,Drama,2015,14
344,At 25:00 in Akasaka,Japanese,Drama,2024,10
345,Bed Friend,Thai,Drama,2023,10
346,Rinsho Hanzai Gakusha Himura Hideo no Suiri: Another Story,Japanese,Special,2016,3
347,Sugar Dog Life,Japanese,Drama,2024,9
348,Living with Him,Japanese,Drama,2024,8
349,Love Sick Season 2,Thai,Drama,2015,36
350,Ugly Duckling Series: Perfect Match,Thai,Drama,2015,9
351,Tokyo in April Is...,Japanese,Drama,2023,8
352,I Will Knock You,Thai,Drama,2022,12
353,My Ride,Thai,Drama,2022,10
354,Kiss Me Again: Pete-Kao,Thai,Special,2018,3
355,The Proper Way to Write Love,Japanese,Drama,2025,8
356,Our Skyy,Thai,Drama,2018,5
357,A Man Who Defies the World of BL,Japanese,Special,2021,1
358,Mr. Unlucky Has No Choice but to Kiss!,Japanese,Drama,2022,8
359,Why R U?,Thai,Drama,2020,13
360,Choosing Spouse by Lottery,Japanese,Drama,2018,8
361,The Best Story,Thai,Drama,2021,3
362,Reverse with Me: Uncut,Thai,Drama,2025,8
363,Tsuge & Minato,Japanese,Special,2020,1
364,Cutie Pie,Thai,Drama,2022,12
365,My Love Mix-Up!,Thai,Drama,2024,12
366,Dangerous Romance,Thai,Drama,2023,12
367,Ossan's Love Returns Telasa Spin Off: Forbidden Gout Temps Nouveau,Japanese,Special,2024,2
368,Love Sea: The Home for Lovers,Japanese,Drama,2025,10
369,A Man Who Defies the World of BL Season 2,Japanese,Special,2022,1
370,I Just Want to See You,Japanese,Drama,2022,4
371,Cosmetic Playlover,Japanese,Drama,2024,8
372,Diary of Tootsies Season 2,Thai,Drama,2017,12
373,Love by Chance,Thai,Drama,2018,14
374,The Judgement,Thai,Drama,2018,13
375,My Stubborn,Thai,Drama,2025,12
376,Saigo kara Nibanme no Koi,Japanese,Drama,2012,11
377,Hiru no Yume: Another Side,Japanese,Drama,2025,1
378,Ano Toki Kiss Shite Okeba,Japanese,Drama,2021,8
379,Invisible,Japanese,Drama,2022,10
380,Magic of Zero: Zero Photography,Thai,Special,2022,1
381,Takara-kun & Amagi-kun,Japanese,Drama,2022,8
382,Why You… Y Me?,Thai,Drama,2022,10
383,The High School Heroes,Japanese,Drama,2021,8
384,Battle of the Writers,Thai,Drama,2024,12
385,PorschArm the Wedding,Thai,TV Show,2025,5
386,So Wayree,Thai,Drama,2020,15
387,Friend Zone 2: Dangerous Area,Thai,Drama,2020,16
388,My Baby Bright: Best Friends Forever,Thai,Special,2018,1
389,Y-Destiny Special Episode,Thai,Special,2021,1
390,U-Prince: Firstclass,Thai,Drama,2017,4
391,Ie Uru Onna no Gyakushu,Japanese,Drama,2019,10
392,Views of Love: Grey Rainbow,Thai,Drama,2016,4
393,The Boy Next World,Thai,Drama,2025,10
394,My Engineer,Thai,Drama,2020,14
395,Star and Sky: Star in My Mind,Thai,Drama,2022,8
396,Ai Nhai,Thai,Special,2023,1
397,I Became the Main Role of a BL Drama Season 2,Japanese,Drama,2025,6
398,Shinjuku Field Hospital,Japanese,Drama,2024,11
399,Something in My Room,Thai,Drama,2022,10
400,Lost in the Woods,Thai,Drama,2025,7
401,Chef wa Meitantei,Japanese,Drama,2021,9
402,Nevertheless: The Shapes of Love,Japanese,Drama,2024,8
403,Love Senior Special,Thai,Drama,2024,5
404,11 Nin mo Iru!,Japanese,Drama,2011,9
405,"Ossan’s Love Thailand: The Two of ""Us""",Thai,Special,2025,3
406,Chaser Game W: Power Harassment Joshi wa Watashi no Moto Kano,Japanese,Drama,2024,8
407,Minato's Laundromat,Japanese,Drama,2022,12
408,More than Words,Japanese,Drama,2022,10
409,Joshi-teki Seikatsu,Japanese,Drama,2018,4
410,Ingredients,Thai,Special,2020,21
411,Senior Secret Love: Bake Me Love,Thai,Drama,2016,6
412,A Man Who Defies the World of BL 2024,Japanese,Drama,2024,6
413,Scent of Memory,Thai,Drama,2023,1
414,My Dear Loser: Monster Romance,Thai,Drama,2017,10
415,Minato Shouji Coin Laundry Season 2,Japanese,Drama,2023,12
416,Magic of Zero: Zero Supporter,Thai,Special,2022,1
417,Ossan's Love,Japanese,Drama,2018,7
418,Destiny Calls,Thai,Special,2019,1
419,"Sweet Tooth, Good Dentist",Thai,Drama,2025,11
420,Followers,Japanese,Drama,2020,9
421,Ingredients Special,Thai,Special,2020,1
422,Our Skyy 2: Star in My Mind,Thai,Drama,2023,2
423,Destiny Seeker,Thai,Drama,2023,10
424,Wedding Plan,Thai,Drama,2023,7
425,Kou Kou Kyoushi,Japanese,Drama,1993,11
426,Love Sick,Thai,Drama,2014,12
427,TharnType Season 2: 7 Years of Love,Thai,Drama,2020,12
428,Star and Sky: Sky in Your Heart,Thai,Drama,2022,8
429,Gay OK Bangkok Season 2,Thai,Drama,2017,7
430,The End of the World with You,Japanese,Drama,2023,8
431,Takara's Treasure Spin Off,Japanese,Special,2024,1
432,Raise de wa Chanto Shimasu Season 2,Japanese,Drama,2021,8
433,Joshi Kousei no Mudazukai,Japanese,Drama,2020,7
434,TharnType,Thai,Drama,2019,12
435,My Secret Love,Thai,Drama,2022,12
436,Bang Rak Soi 9/1,Thai,Drama,2016,55
437,Asuka High School March!,Japanese,Drama,2011,9
438,21 Days Theory,Thai,Drama,2022,4
439,Apple My Love (Uncut Ver.),Thai,Drama,2024,6
440,Lovely Writer Special Episode,Thai,Special,2021,1
441,Memory in the Letter,Thai,Drama,2024,6
442,Kei×Yaku: Abunai Aibou,Japanese,Drama,2022,10
443,"Knock Knock, Boys!",Thai,Drama,2024,12
444,Love Sea: The Home for Lovers Special,Japanese,Drama,2025,2
445,Cooking Crush: Uncut Version,Thai,Drama,2023,12
446,We’re Both Grooms,Japanese,Special,2022,1
447,Together with Me: The Next Chapter,Thai,Drama,2018,13
448,Ayaka is in Love with Hiroko! 2nd Stage,Japanese,Drama,2025,6
449,Raise de wa Chanto Shimasu,Japanese,Drama,2020,12
450,The Player,Thai,Drama,2021,16
451,2 Moons 2,Thai,Drama,2019,12
452,I Saw You in My Dream,Thai,Drama,2024,12
453,Rak Kan Panlawan,Thai,Drama,2017,14
454,Deep Night Side Story: The Two of Us,Thai,Drama,2024,6
455,Mystique in the Mirror,Thai,Drama,2025,8
456,Ao no SP: Gakko nai Keisatsu Shimada Ryuhei,Japanese,Drama,2021,10
457,Don't Say No,Thai,Drama,2021,12
458,Candy Color Paradox,Japanese,Drama,2022,8
459,Hitochigai kara Hajimaru Koi mo Aru,Japanese,Drama,2024,29
460,You Are My So(ul) Mate,Thai,Special,2023,2
461,Girl Next Room: Midnight Fantasy,Thai,Drama,2020,4
462,You're My Sky,Thai,Drama,2022,12
463,Kiss x Kiss x Kiss: Love ii Shower,Japanese,Drama,2023,8
464,Perfect Wife,Thai,Drama,2020,19
465,Dating Game,Thai,Drama,2025,12
466,Koi no Yamai to Yarougumi,Japanese,Drama,2019,10
467,Don't Say No: Special Episode,Thai,Special,2021,1
468,En of Love: Love Mechanics,Thai,Drama,2020,4
469,Addicted Heroin (Uncut Ver.),Thai,Drama,2024,10
470,A Man Who Defies the World of BL Final,Japanese,Drama,2025,6
471,Make Up with Mud,Japanese,Drama,2024,9
472,Deep Night,Thai,Drama,2024,8
473,Kabe-Koji-Nekoyashiki-kun Desires to Be Recognized,Japanese,Drama,2022,8
474,My Fairy Ghost,Japanese,Drama,2022,4
475,Futari Monologue,Japanese,Drama,2017,6
476,City of Stars Special Episode,Thai,Special,2024,1
477,Intern in My Heart,Thai,Drama,2024,10
478,Given,Japanese,Drama,2021,6
479,"Ghost Host, Ghost House",Thai,Drama,2022,8
480,U-Prince: Thesis,Thai,Drama,2016,4
481,Kimi no Tsugu Kaori wa,Japanese,Drama,2024,8
482,Mood Indigo,Japanese,Drama,2019,6
483,Chuamong Tong Mon,Thai,Drama,2018,14
484,KA Sunscreen,Thai,Special,2018,1
485,Mr. Bride,Japanese,Drama,2023,11
486,Two Worlds,Thai,Drama,2024,10
487,Wake Up Ladies Season 2: Very Complicated,Thai,Drama,2020,10
488,Sunao ni Narenakute,Japanese,Drama,2010,11
489,Atami no Sousakan,Japanese,Drama,2010,8
490,Revamp the Undead Story,Thai,Drama,2025,10
491,La Pluie,Thai,Drama,2023,12
492,City of Stars,Thai,Drama,2024,12
493,Hearts in Play,Thai,Drama,2025,6
494,Ossan's Love,Japanese,Special,2016,1
495,Ossan's Love: In the Sky,Japanese,Drama,2019,8
496,Club Friday Hot Love Issue: Love Bully,Thai,Special,2024,4
497,Mr. Mitsuya's Planned Feeding,Japanese,Drama,2024,7
498,Buang Hong,Thai,Drama,2017,12
499,I Saw You in My Dream: You & I in Our Dream,Thai,Special,2024,1
500,Mr. Sahara & Toki-kun,Japanese,Drama,2023,8
501,Cooking Crush,Thai,Drama,2023,12
502,Transit Girls,Japanese,Drama,2015,8
503,Cutie Pie 2 You,Thai,Special,2023,4
504,Our Skyy: Pick-Rome,Thai,Special,2018,1
505,The Secret (Love),Thai,Special,2021,1
506,Hidden Agenda,Thai,Drama,2023,12
507,Absolute Zero,Thai,Drama,2023,12
508,"Drag, I Love You",Thai,Drama,2022,22
509,My Dear Loser: Happy Ever After,Thai,Drama,2017,12
510,The Tuxedo: Re-Edit Version,Thai,Drama,2022,4
511,"Ingredients Special Episode ""Before""",Thai,Special,2021,1
512,Making Memorable Memories,Thai,Drama,2024,18
513,Across the Sky,Thai,Drama,2023,14
514,One Night Stand,Thai,Drama,2023,13
515,My Dear Loser: Edge of 17,Thai,Drama,2017,9
516,To Be Continued,Thai,Drama,2024,8
517,Raise de wa Chanto Shimasu Season 3,Japanese,Drama,2022,12
518,Sing Again,Thai,Drama,2022,18
519,Shujin-ko,Japanese,Drama,2019,6
520,What Color Is Your Love?,Thai,Special,2019,1
521,ThirTEEN Terrors,Thai,Drama,2014,13
522,Quarantine Stories,Thai,Drama,2020,10
523,The Shipper,Thai,Drama,2020,12
524,Twins,Thai,Drama,2023,12
525,Make It Right 2,Thai,Drama,2017,14
526,Paint with Love,Thai,Drama,2021,12
527,Gay OK Bangkok,Thai,Drama,2016,5
528,Love Distance,Japanese,Drama,2020,10
529,Oxygen,Thai,Drama,2020,13
530,The Promise,Thai,Drama,2023,10
531,Boys Vibe,Thai,TV Show,2025,10
532,Host Sozoku Shichaimashita,Japanese,Drama,2023,12
533,Catch Me Baby,Thai,Drama,2022,12
534,Answer - Keishichou Kenshou Sousakan,Japanese,Drama,2012,9
535,Lucky Love,Thai,Special,2023,2
536,My Marvellous Dream Is You: Uncut,Thai,Drama,2024,12
537,The Hidden Moon,Thai,Drama,2024,10
538,Till the World Ends: Uncut,Thai,Drama,2022,10
539,You and My Stars,Thai,Drama,2023,2
540,2 Moons,Thai,Drama,2017,12
541,Bake Me Please,Thai,Drama,2023,6
542,Kamen Rider Wizard,Japanese,Drama,2012,53
543,My Marvellous Dream Is You,Thai,Drama,2024,12
544,The Hidden Moon (Uncut Ver.),Thai,Drama,2024,10
545,Second Love,Japanese,Drama,2015,7
546,Doctor Climax,Thai,Drama,2024,8
547,Fake Couple,Japanese,Drama,2015,10
548,(Your) Apple,Thai,Special,2025,33
549,SaifahZon Story,Thai,Special,2020,3
550,What Six Survivors Told...,Japanese,Drama,2022,6
551,Are You Ready? Hey You Girl!,Japanese,Drama,2018,5
552,Unknown,Japanese,Drama,2023,9
553,Country Boy 2,Thai,Drama,2022,2
554,YYY Special: Episode 0,Thai,Special,2020,1
555,Friend Zone,Thai,Drama,2018,12
556,Call It What You Want Season 2,Thai,Drama,2021,6
557,Gen Y,Thai,Drama,2020,12
558,Araburu Kisetsu no Otomedomo yo,Japanese,Drama,2020,8
559,The Yearbook,Thai,Drama,2021,8
560,Proong Nee Gor Ruk Ter,Thai,Drama,2009,30
561,Room Alone Season 2,Thai,Drama,2015,15
562,Otona ni Natte mo,Japanese,Drama,2025,12
563,BACK STREET GIRLS - Gokudoruzu,Japanese,Drama,2019,6
564,Magic of Zero,Thai,Special,2022,3
565,Second Chance,Thai,Drama,2021,6
566,Going Home with Shibuya-Kun,Japanese,Drama,2024,12
567,Addicted Heroin,Thai,Drama,2024,10
568,Ai Long Nhai,Thai,Drama,2022,12
569,Back,Thai,Special,2022,1
570,Bake Me Please Special Episode,Thai,Special,2024,1
571,Naughty Babe,Thai,Drama,2023,8
572,Remember Me,Thai,Drama,2022,14
573,Bangkok Love Stories 2: Innocence,Thai,Drama,2018,13
574,Enchanté,Thai,Drama,2022,10
575,Map for the Wedding,Japanese,Drama,2022,10
576,Secret Love,Thai,Drama,2024,81
577,U-Prince:  Sibtis,Thai,Drama,2016,8
578,I Promise I Will Come Back (Uncut Ver.),Thai,Drama,2025,8
579,Tokyo Alice,Japanese,Drama,2017,12
580,Bad Guy My Boss Special Episode,Thai,Special,2024,1
581,Truth or Dare,Thai,Special,2019,1
582,Venus in the Sky Special,Thai,Special,2023,1
583,Step by Step: Uncut Version,Thai,Drama,2023,12
584,Baker Boys,Thai,Drama,2021,12
585,Kiss Me Again,Thai,Drama,2018,14
586,My Dear Gangster Oppa,Thai,Drama,2023,8
587,Oshi no Oujisama,Japanese,Drama,2021,11
588,Big Dragon,Thai,Drama,2022,8
589,You Are the Cream in My Coffee,Thai,Special,2023,7
590,Love Stage!!,Thai,Drama,2022,10
591,Surrogacy,Japanese,Special,2021,1
592,"MARS - Tada, Kimi wo Aishiteru",Japanese,Drama,2016,10
593,Cornetto Love Expert,Thai,Special,2020,3
594,Dosei no Shinyu wo Suki ni Natte Shimatta,Japanese,Drama,2024,1
595,The Moment Special,Thai,Special,2020,1
596,Ubaat Rai Ubaat Ruk,Thai,Drama,2021,16
597,Only You,Thai,Drama,2025,14
598,I Am Devil,Thai,Drama,2024,7
599,Siew Sum Noi,Thai,Drama,2021,12
600,I'm Your Pet,Japanese,Drama,2024,44
601,Make a Wish,Thai,Drama,2023,6
602,Nitiman,Thai,Drama,2021,10
603,What Zabb Man!,Thai,Drama,2022,8
604,The Cursed Love,Thai,Drama,2025,8
605,Lucky My Love,Thai,Drama,2023,5
606,609 Bedtime Story: Dream On,Thai,Special,2023,1
607,Club Friday Season 8: True Love…or Confusion,Thai,Drama,2017,4
608,The Effect,Thai,Drama,2019,3
609,Remember 15,Thai,Drama,2022,12
610,The Moment Since,Thai,Drama,2020,5
611,Inside Mari,Japanese,Drama,2017,8
612,Secret Crush on You,Thai,Drama,2022,14
613,Rainbow Lagoon,Thai,Drama,2022,2
614,The Moment,Thai,Drama,2020,4
615,Love of Secret,Thai,Drama,2022,2
616,OMG! Vampire: Uncut Version,Thai,Drama,2024,8
617,I Am Devil Season 2,Thai,Drama,2025,4
618,"Senpai, This Can’t Be Love!",Japanese,Drama,2022,8
619,The Novelist,Japanese,Drama,2018,6
620,Love in the Air: Koi no Yokan Special Episode,Japanese,Special,2024,2
621,609 Bedtime Story,Thai,Drama,2022,11
622,Till the World Ends,Thai,Drama,2022,10
623,Asunaro Hakusho,Japanese,Drama,1993,11
624,Super Rich,Japanese,Drama,2021,11
625,Remote de Korosareru,Japanese,Special,2020,1
626,Unlock Your Love,Thai,Drama,2024,8
627,My Gear and Your Gown,Thai,Drama,2020,12
628,ReminderS,Thai,Drama,2019,3
629,La Cuisine,Thai,Drama,2022,13
630,Call It What You Want,Thai,Drama,2021,6
631,Deep Night Side Story: The Two of Us Season 2,Thai,Drama,2024,6
632,Once in Memory: Uncut,Thai,Special,2021,1
633,The Camp Fire,Thai,Special,2023,2
634,Country Boy,Thai,Drama,2021,2
635,Music Story: Losing Control,Thai,Drama,2025,6
636,Make It Right,Thai,Drama,2016,12
637,Step by Step,Thai,Drama,2023,12
638,Club Sapan Fine Season 2,Thai,Drama,2022,8
639,Golden Feathers,Thai,Drama,2025,52
640,7 Days Before Valentine,Thai,Drama,2023,12
641,Live in Love,Thai,Drama,2024,5
642,Friend with Benefits,Thai,Drama,2024,5
643,He She It,Thai,Drama,2019,3
644,My Coach,Thai,Drama,2022,16
645,Doctor's Mine,Thai,Drama,2025,10
646,Part Time,Thai,Drama,2016,26
647,Check Out Exclusive Episode,Thai,Special,2022,1
648,Senior Secret Love: Puppy Honey,Thai,Drama,2016,6
649,Otona Koukou,Japanese,Drama,2017,8
650,On Cloud Nine,Thai,Drama,2022,6
651,Love Senior,Thai,Drama,2023,10
652,Music Story: Losing Control Season 2,Thai,Drama,2025,3
653,Close Friend Season 2,Thai,Drama,2022,6
654,My Bromance,Thai,Drama,2016,12
655,My Dear Loser: In-Sun,Thai,Special,2017,3
656,Rider Time: Kamen Rider Ryuki,Japanese,Special,2019,3
657,"Although I Love You, and You?",Japanese,Drama,2024,10
658,Love Area Part 1,Thai,Drama,2021,6
659,Season of Love in Shimane,Thai,Drama,2025,8
660,Dominant Yakuza and Wimpy Corporate Slave,Japanese,Drama,2024,10
661,Room Alone,Thai,Drama,2014,10
662,Ants without Umbrella,Japanese,Drama,2016,4
663,Senior Secret Love: Puppy Honey 2,Thai,Drama,2017,8
664,Club Friday Season 5: Secret of a Heart That Doesn't Exist,Thai,Drama,2015,4
665,Club Friday Uncharted Love: Complicated Love,Thai,Special,2020,5
666,Happy to Have You Here,Thai,Special,2021,1
667,Baby Vampire Blues,Japanese,Drama,2021,8
668,Ossan's Love: In The Sky Special,Japanese,Special,2019,2
669,i STORIES,Thai,Special,2018,4
670,Our Winter,Thai,Drama,2023,14
671,Mon Rak Asoon,Thai,Drama,2016,27
672,Kiss × Kiss × Kiss: Melting Night,Japanese,Drama,2022,10
673,Love in the Air: Koi no Yokan,Japanese,Drama,2024,8
674,Y-Destiny,Thai,Drama,2021,15
675,The Tuxedo,Thai,Drama,2022,8
676,Marry Go Round,Thai,Special,2023,2
677,Love Area Part 2: Director's Cut,Thai,Drama,2022,7
678,Golden Blood,Thai,Drama,2021,8
679,Sangmin Dinneaw: Uncut,Thai,Drama,2024,8
680,En of Love: This Is Love Story,Thai,Drama,2020,3
681,The War of Flowers,Thai,Drama,2022,18
682,Un-in Heart,Thai,Drama,2025,2
683,"Naked Dining: Love, Life and Liberation",Japanese,Drama,2023,12
684,Unlimited Love,Thai,Drama,2025,10
685,Kiss x Kiss x Kiss: Perfect Scandal,Japanese,Drama,2022,12
686,Love Bipolar,Thai,Special,2018,4
687,TharnType Special: Lhong's Story,Thai,Special,2019,1
688,Kuzu no Honkai,Japanese,Drama,2017,12
689,Chapter of Green,Thai,Drama,2021,12
690,Bad Romance,Thai,Drama,2016,13
691,YYY,Thai,Drama,2020,6
692,Oh My Boss,Thai,Drama,2021,14
693,The Forest of Love: Deep Cut,Japanese,Drama,2020,7
694,Love Syndrome III: Uncut Version,Thai,Drama,2023,12
695,Restart(ed),Thai,Drama,2022,11
696,The Root,Thai,Drama,2022,12
697,Lover Merman,Thai,Drama,2025,8
698,Kiss,Thai,Drama,2016,16
699,My Friendship Season 2: Before the Rainbow,Thai,Drama,2022,2
700,Scent of Love,Thai,Special,2022,3
701,The Renovation,Thai,Drama,2024,2
702,Crush on You,Thai,Drama,2023,7
703,Sunset x Vibes Special Episode,Thai,Special,2024,1
704,I Promise I Will Come Back,Thai,Drama,2025,8
705,Be Mine SuperStar,Thai,Drama,2023,12
706,The Right One,Thai,Special,2018,1
707,Our Days,Thai,Drama,2022,12
708,Night Dream,Thai,Drama,2023,6
709,Accomplishment of Fudanshi Bartender,Japanese,Drama,2022,2
710,Love by Chance Season 2: A Chance to Love,Thai,Drama,2020,13
711,Y Journey: Stay Like a Local,Thai,Drama,2023,6
712,Club Friday Hot Love Issue: Domestic Incident,Thai,Special,2024,4
713,Gakko ja Oshierarenai!,Japanese,Drama,2008,10
714,The Middleman's Love: Uncut,Thai,Drama,2023,8
715,Roommate Special Episode,Thai,Special,2020,1
716,Cleopatra na Onnatachi,Japanese,Drama,2012,8
717,Water Boyy,Thai,Drama,2017,14
718,The Outing,Thai,Drama,2024,12
719,Tonhon Chonlatee,Thai,Drama,2020,10
720,Even Sun,Thai,Drama,2022,6
721,Love Poison Season 2,Thai,Drama,2021,8
722,Sangmin Dinneaw,Thai,Drama,2024,8
723,Bad Guy My Boss,Thai,Drama,2024,12
724,'Cause You're My Boy,Thai,Drama,2018,12
725,Coffee & Vanilla,Japanese,Drama,2019,10
726,PIPLE: My Married Life with an AI,Japanese,Drama,2020,8
727,Sunset x Vibes,Thai,Drama,2024,12
728,Brothers,Thai,Drama,2021,13
729,War of High School,Thai,Drama,2016,12
730,Love Poison,Thai,Drama,2019,8
731,The 8.2 Second Rule,Japanese,Drama,2022,5
732,Meow Ears Up,Thai,Drama,2022,8
733,Sea You Soon,Thai,Drama,2024,4
734,Past-Senger,Thai,Drama,2023,12
735,Sunset x Vibes: Uncut Version,Thai,Drama,2024,12
736,Long Khong,Thai,Drama,2020,8
737,Slam Dance,Thai,Drama,2017,13
738,7 Project,Thai,Drama,2021,7
739,Winter Is Not the Death of Summer but the Birth of Spring,Thai,Drama,2024,20
740,Make It Live: On the Beach,Thai,Drama,2019,6
741,Rup Thong,Thai,Drama,2018,18
742,Boy's Abyss,Japanese,Drama,2022,8
743,Show Me Love,Thai,Drama,2023,9
744,I'm Your Moon,Thai,Drama,2025,8
745,Close Friend,Thai,Drama,2021,6
746,2 Moons: The Ambassador,Thai,Drama,2022,12
747,Bangkok G Story: Samet Island,Thai,Special,2019,3
748,Senior Love Me?,Thai,Drama,2023,2
749,Unforgotten Night,Thai,Drama,2022,12
750,Nibiiro no Hako no Naka de,Japanese,Drama,2020,6
751,Re:Mind,Japanese,Drama,2017,12
752,My Universe,Thai,Drama,2023,24
753,My Blessing,Thai,Special,2023,1
754,Venus in the Sky,Thai,Drama,2023,10
755,Senior Love Me? Season 2,Thai,Drama,2023,2
756,Mission to the Moon,Thai,Drama,2025,30
757,Chains of Heart,Thai,Drama,2023,10
758,Last Meal Universe,Thai,Drama,2025,8
759,OMG! Vampire,Thai,Drama,2024,8
760,Takumi-kun Series: Drama,Japanese,Drama,2025,6
761,Friend Forever,Thai,Drama,2020,12
762,Colorful Melody,Thai,Drama,2023,4
763,Oh! My Sunshine Night,Thai,Drama,2022,18
764,Tokyo Vampire Hotel,Japanese,Drama,2017,10
765,Hidden Love,Thai,Drama,2021,14
766,Love at 7-11,Thai,Drama,2019,8
767,Bangkok G Story,Thai,Drama,2017,20
768,Self,Thai,Drama,2022,6
769,The Love of Winter,Thai,Drama,2022,2
770,War of Y,Thai,Drama,2022,20
771,Kiss Me with Unspoken Love,Thai,Drama,2024,69
772,Coffee Melody Special Episode,Thai,Special,2022,2
773,My Strawberry Film,Japanese,Drama,2024,8
774,Delete Your Past,Thai,Drama,2024,3
775,Deep Night Special Episode,Thai,Special,2024,1
776,My Mate Match,Thai,Drama,2021,5
777,Love With Benefits,Thai,Drama,2021,5
778,YYY Special,Thai,Special,2020,3
779,2Wish,Thai,Special,2019,2
780,NightTime,Thai,Drama,2019,3
781,"Right Time, Right You",Thai,Special,2023,2
782,In a Relationship,Thai,Drama,2022,20
783,The Whisperer,Thai,Drama,2023,9
784,Casanova Begins,Thai,Special,2023,2
785,Hit Bite Love: Uncut,Thai,Drama,2023,6
786,Wifi Society: Gray Secret,Thai,Special,2015,1
787,My Secret of Seer,Thai,Drama,2025,8
788,Love Lie Hide Fake: The Series,Thai,Drama,2018,8
789,Homeroom,Japanese,Drama,2020,10
790,Calculating Love,Thai,Drama,2020,7
791,Work From Heart,Thai,Drama,2022,7
792,"Me, My Husband, and My Husband's Boyfriend",Japanese,Drama,2023,10
793,Close Friend Season 3: Soju Bomb!,Thai,Drama,2024,6
794,Tin Tem Jai Special,Thai,Special,2023,2
795,The Best Twins,Thai,Drama,2019,8
796,Choose,Thai,Drama,2017,5
797,Re:Wind,Japanese,Special,2017,1
798,Low Frequency,Thai,Drama,2023,8
799,2BB,Thai,Drama,2023,3
800,Love on Lo,Thai,Drama,2023,2
801,Soulmate,Thai,Drama,2020,2
802,Love Syndrome III,Thai,Drama,2023,12
803,En of Love: TOSSARA,Thai,Drama,2020,4
804,The Underwear,Thai,Drama,2017,10
805,Roommate,Thai,Drama,2020,4
806,I Love You,Thai,Drama,2018,3
807,1626,Thai,Special,2023,2
808,Bite Me,Thai,Drama,2021,11
809,Ghost Runner,Thai,Drama,2020,8
810,My Dream,Thai,Drama,2018,12
811,Friends Forever,Thai,Special,2023,2
812,Blessing of Love,Thai,Drama,2025,4
813,Dinosaur Love Special: Go to Vietnam,Thai,Special,2023,1
814,Polyethylene Terephthalate,Japanese,Drama,2023,3
815,Hometown's Embrace,Thai,Drama,2021,8
816,Love Area Part 2,Thai,Drama,2022,8
817,Love Enemy,Thai,Drama,2024,2
818,House of Stars,Thai,Drama,2023,12
819,Renai Shindan,Japanese,Drama,2007,12
820,Pisces of Me,Thai,Special,2023,2
821,Gen Y Season 2,Thai,Drama,2021,12
822,My Keychain,Thai,Drama,2022,4
823,The Middleman's Love,Thai,Drama,2023,8
824,Eye Contact (Uncut Ver.),Thai,Drama,2025,6
825,DogBro,Thai,Drama,2025,6
826,Thank God It's Friday,Thai,Drama,2019,12
827,Fake Love,Thai,Special,2023,2
828,I Wish You Love,Thai,Special,2024,2
829,Flirt Milk,Thai,Drama,2025,10
830,My Roommate,Thai,Drama,2022,32
831,Future,Thai,Drama,2023,6
832,You Never Eat Alone,Thai,Drama,2020,12
833,Bad Roommate,Thai,Drama,2021,30
834,Hard Love Mission,Thai,Drama,2022,7
835,The Last Night,Thai,Drama,2025,2
836,Kare ga Boku ni Koishita Wake,Japanese,Drama,2020,4
837,Secret Ghost,Thai,Drama,2025,10
838,My Bromance 2: 5 Years Later,Thai,Drama,2020,9
839,P.P.O.I.,Japanese,Drama,1999,8
840,Bangkok,Thai,Drama,2020,2
841,Suntiny,Thai,Drama,2025,10
842,4 Destiny,Thai,Drama,2025,8
843,I Am Your King,Thai,Drama,2017,5
844,Mendol,Japanese,Drama,2008,12
845,Boyband,Thai,Drama,2023,6
846,If I Love a Boy,Thai,Drama,2019,5
847,1000 Years Old,Thai,Drama,2024,12
848,Bad Brother,Thai,Drama,2017,5
849,Coffee Melody,Thai,Drama,2022,10
850,Boy Scouts,Thai,Drama,2022,2
851,2Day,Thai,Special,2020,1
852,A Secretly Love,Thai,Drama,2024,10
853,Top Secret Together,Thai,Drama,2021,15
854,Mission: Love or Lies,Thai,Drama,2025,4
855,For Him,Thai,Drama,2023,12
856,Kare ga Boku ni Koishita Wake Season 2,Japanese,Drama,2021,10
857,Fahlanruk,Thai,Drama,2022,12
858,Skinship Season 2,Thai,Special,2021,3
859,Love Love You 2,Thai,Special,2019,2
860,So Much in Love,Thai,Drama,2020,13
861,Tin Tem Jai,Thai,Drama,2023,10
862,Social Death Vote,Thai,Drama,2018,6
863,Be Love,Japanese,Drama,2020,4
864,Kiseki Chapter 2,Thai,Drama,2024,6
865,The Luminous Solution,Thai,Drama,2023,6
866,Hotel Stars,Thai,Drama,2019,12
867,The Cupid Coach,Thai,Drama,2021,12
868,I Am Your King Season 2,Thai,Drama,2019,10
869,What If,Thai,Drama,2022,5
870,With Love,Thai,Drama,2019,15
871,I'm Your Boyy,Thai,Drama,2022,21
872,Deal Lover,Thai,Drama,2021,5
873,Key Love,Thai,Drama,2019,2
874,Skinship,Thai,Special,2020,3
875,Playboyy,Thai,Drama,2023,14
876,The Secret of the Secretary,Japanese,Drama,2025,3
877,My Boy,Thai,Drama,2021,12
878,Loy Kaew First Love,Thai,Drama,2025,6
879,Refund Love,Thai,Special,2024,2
880,Time,Thai,Drama,2024,10
881,The Star,Thai,Drama,2024,2
882,Physical Therapy,Thai,Drama,2022,12
883,Yuri Dano Kan Dano,Japanese,Drama,2019,8
884,Hit Bite Love,Thai,Drama,2023,6
885,Dinosaur Love,Thai,Drama,2023,8
886,Evening Café,Thai,Drama,2021,4
887,Beyond the Star,Thai,Drama,2023,8
888,Loveless Society,Thai,Drama,2021,4
889,Beside You,Thai,Drama,2024,3
890,What the Duck,Thai,Drama,2018,20
891,The Last Time,Thai,Drama,2025,8
892,Eye Contact,Thai,Drama,2025,6
893,Check Out,Thai,Drama,2022,12
894,That's My Candy,Thai,Drama,2022,6
895,Crazy Handsome Rich,Thai,Drama,2023,6
896,What the Duck Season 2: Final Call,Thai,Drama,2019,8
897,Fourever You Part 2,Thai,Drama,2025,24
